page_key,page_label,section,name_zh,name_en,stay,price_package,price_standard_risk,price_medium_risk,price_hk_discount,cells_raw,url
gi-endoscopy,消化内镜,無痛胃腸鏡檢查,無痛胃鏡（監察麻醉）健康檢查-標準,Gastroscopy (MAC) Packages - standard,日間操作,,"4,800",,,"無痛胃鏡（監察麻醉）健康檢查-標準 | 日間操作 | 4,800 | ",https://www.szufh.hk/gi-endoscopy-fees.html
gi-endoscopy,消化内镜,無痛胃腸鏡檢查,無痛腸鏡（監察麻醉）健康檢查-標準,Colonoscopy (MAC) Packages - standard,日間操作,,"5,500",,,"無痛腸鏡（監察麻醉）健康檢查-標準 | 日間操作 | 5,500 | ",https://www.szufh.hk/gi-endoscopy-fees.html
gi-endoscopy,消化内镜,無痛胃腸鏡檢查,無痛胃腸鏡（監察麻醉）健康檢查-標準,Gastroscopy + Colonoscopy (MAC) Packages - standard,日間操作,,"7,500",,,"無痛胃腸鏡（監察麻醉）健康檢查-標準 | 日間操作 | 7,500 | ",https://www.szufh.hk/gi-endoscopy-fees.html
gi-endoscopy,消化内镜,無痛胃腸鏡檢查,無痛胃鏡（監察麻醉）健康檢查-,PRO精英版 Gastroscopy (MAC) Packages - PRO Elite,1天（不過夜） 1,,"6,300","5,100","5,100","無痛胃鏡（監察麻醉）健康檢查- | 1天（不過夜） 1 | 6,300 | 5,100",https://www.szufh.hk/gi-endoscopy-fees.html
gi-endoscopy,消化内镜,無痛胃腸鏡檢查,無痛腸鏡（監察麻醉）健康檢查-,PRO精英版 Colonoscopy (MAC) Packages - PRO Elite,1天（不過夜） 1,,"7,000","5,800","5,800","無痛腸鏡（監察麻醉）健康檢查- | 1天（不過夜） 1 | 7,000 | 5,800",https://www.szufh.hk/gi-endoscopy-fees.html
gi-endoscopy,消化内镜,無痛胃腸鏡檢查,無痛胃腸鏡（監察麻醉）健康檢查-,PRO精英版 Gastroscopy + Colonoscopy (MAC) Packages - PRO Elite,1天（不過夜） 1,,"9,000","7,800","7,800","無痛胃腸鏡（監察麻醉）健康檢查- | 1天（不過夜） 1 | 9,000 | 7,800",https://www.szufh.hk/gi-endoscopy-fees.html
gi-endoscopy,消化内镜,無痛胃腸鏡檢查,無痛胃鏡（監察麻醉）健康檢查-,PRO休養版 Gastroscopy (MAC) Packages - PRO Recuperation,1晚 1,,"7,300","5,300","5,300","無痛胃鏡（監察麻醉）健康檢查- | 1晚 1 | 7,300 | 5,300",https://www.szufh.hk/gi-endoscopy-fees.html
gi-endoscopy,消化内镜,無痛胃腸鏡檢查,無痛腸鏡（監察麻醉）健康檢查-,PRO休養版 Colonoscopy (MAC) Packages - PRO Recuperation,1晚 1,,"8,000","6,000","6,000","無痛腸鏡（監察麻醉）健康檢查- | 1晚 1 | 8,000 | 6,000",https://www.szufh.hk/gi-endoscopy-fees.html
gi-endoscopy,消化内镜,無痛胃腸鏡檢查,無痛胃腸鏡（監察麻醉）健康檢查-,PRO休養版 Gastroscopy + Colonoscopy (MAC) Packages- PRO Recuperation,1晚 1,,"10,000","8,000","8,000","無痛胃腸鏡（監察麻醉）健康檢查- | 1晚 1 | 10,000 | 8,000",https://www.szufh.hk/gi-endoscopy-fees.html
gi-endoscopy,消化内镜,無痛胃腸鏡檢查,無痛胃鏡/腸鏡/胃腸鏡/伴活檢加項包（活檢數量<3）,Gastroscopy / Colonoscopy / Combined GI Endoscopy Biopsy Add-on Package (<3 biopsies),日間操作,,"1,000",,,"無痛胃鏡/腸鏡/胃腸鏡/伴活檢加項包（活檢數量<3） | 日間操作 | 1,000 | ",https://www.szufh.hk/gi-endoscopy-fees.html
gi-endoscopy,消化内镜,無痛胃腸鏡檢查,無痛胃鏡/腸鏡/胃腸鏡/伴活檢加項包（活檢數量3-5）,Gastroscopy / Colonoscopy / Combined GI Endoscopy Biopsy Add-on Package (3-5 biopsies),日間操作,,"1,500",,,"無痛胃鏡/腸鏡/胃腸鏡/伴活檢加項包（活檢數量3-5） | 日間操作 | 1,500 | ",https://www.szufh.hk/gi-endoscopy-fees.html
gi-endoscopy,消化内镜,無痛胃腸鏡檢查,無痛胃鏡/腸鏡/胃腸鏡/伴活檢加項包（活檢數量>5）,Gastroscopy / Colonoscopy / Combined GI Endoscopy Biopsy Add-on Package (>5 biopsies),日間操作,,"2,000",,,"無痛胃鏡/腸鏡/胃腸鏡/伴活檢加項包（活檢數量>5） | 日間操作 | 2,000 | ",https://www.szufh.hk/gi-endoscopy-fees.html
gi-endoscopy,消化内镜,無痛胃腸鏡檢查,無痛胃鏡/腸鏡/胃腸鏡/伴息肉切除加項包（息肉數量=1）,Gastroscopy / Colonoscopy / Combined GI Endoscopy Polypectomy Add-on Package (1 polyp),日間操作,,"1,000",,,"無痛胃鏡/腸鏡/胃腸鏡/伴息肉切除加項包（息肉數量=1） | 日間操作 | 1,000 | ",https://www.szufh.hk/gi-endoscopy-fees.html
gi-endoscopy,消化内镜,無痛胃腸鏡檢查,無痛胃鏡/腸鏡/胃腸鏡/伴息肉切除加項包（息肉數量2-4）,Gastroscopy / Colonoscopy/Combined GI Endoscopy Polypectomy Add-on Package (2-4 polyps),日間操作,,"2,000",,,"無痛胃鏡/腸鏡/胃腸鏡/伴息肉切除加項包（息肉數量2-4） | 日間操作 | 2,000 | ",https://www.szufh.hk/gi-endoscopy-fees.html
gi-endoscopy,消化内镜,無痛胃腸鏡檢查,無痛胃鏡/腸鏡/胃腸鏡 /伴息肉切除加項包（息肉數量>4）,Gastroscopy / Colonoscopy Combined GI Endoscopy Polypectomy Add-on Package (>4 polyps),日間操作,,"3,000",,,"無痛胃鏡/腸鏡/胃腸鏡 /伴息肉切除加項包（息肉數量>4） | 日間操作 | 3,000 | ",https://www.szufh.hk/gi-endoscopy-fees.html
gi-endoscopy,消化内镜,無痛胃腸鏡檢查,無痛胃鏡,EMR加項包 Gastroscopy EMR Add-on Package,日間操作,,"6,000",,,"無痛胃鏡 | 日間操作 | 6,000 | ",https://www.szufh.hk/gi-endoscopy-fees.html
gi-endoscopy,消化内镜,無痛胃腸鏡檢查,無痛腸鏡,EMR加項包 Colonoscopy EMR Add-on Package,日間操作,,"8,000",,,"無痛腸鏡 | 日間操作 | 8,000 | ",https://www.szufh.hk/gi-endoscopy-fees.html
gi-endoscopy,消化内镜,無痛胃腸鏡檢查,無痛胃腸鏡,EMR加項包 Gastroscopy + Colonoscopy EMR Add-on Package,日間操作,,"10,000",,,"無痛胃腸鏡 | 日間操作 | 10,000 | ",https://www.szufh.hk/gi-endoscopy-fees.html
gi-endoscopy,消化内镜,無痛胃腸鏡檢查,無痛（胃）腸鏡同台加項 - 痔切除術 - 傳統,Same-Session Add-on with Gastroscopy / Colonoscopy Conventional Hemorrhoidectomy,1晚 1,,"12,000","20,000",,"無痛（胃）腸鏡同台加項 - 痔切除術 - 傳統 | 1晚 1 | 12,000 | 20,000",https://www.szufh.hk/gi-endoscopy-fees.html
gi-endoscopy,消化内镜,無痛胃腸鏡檢查,無痛（胃）腸鏡同台加項痔瘡膠圈套扎,RBL - 標準 Same-Session Add-on with Gastroscopy / Colonoscopy Rubber Band Ligation (RBL) for Hemorrhoids - Standard,日間操作,,"2,500","3,125",,"無痛（胃）腸鏡同台加項痔瘡膠圈套扎 | 日間操作 | 2,500 | 3,125",https://www.szufh.hk/gi-endoscopy-fees.html
gi-endoscopy,消化内镜,無痛胃腸鏡檢查,無痛（胃）腸鏡同台加項 - 痔瘡膠圈套扎,RBL 庫克一次性套扎器 Same-Session Add-on with Gastroscopy / Colonoscopy Rubber Band Ligation (RBL) for Hemorrhoids - Cook Disposable Ligator,日間操作,,"5,000","6,250",,"無痛（胃）腸鏡同台加項 - 痔瘡膠圈套扎 | 日間操作 | 5,000 | 6,250",https://www.szufh.hk/gi-endoscopy-fees.html
gi-endoscopy,消化内镜,無痛胃腸鏡檢查,無痛（胃）腸鏡同台加項 - 痔瘡硬化劑注射,Same-Session Add-on with Gastroscopy / Colonoscopy Hemorrhoid Sclerotherapy Injection,1天（不過夜） 1,,"3,500","4,375",,"無痛（胃）腸鏡同台加項 - 痔瘡硬化劑注射 | 1天（不過夜） 1 | 3,500 | 4,375",https://www.szufh.hk/gi-endoscopy-fees.html
gynecology,妇科,陰道窺鏡,陰道窺鏡檢查（局部麻醉）,Colposcopy (LA),日間操作,"2,500",,,,"陰道窺鏡檢查（局部麻醉） | 日間操作 | 2,500",https://www.szufh.hk/gynecology-surgery-fees.html
gynecology,妇科,陰道窺鏡,陰道窺鏡及活組織檢查（局部麻醉）,Colposcopy with Biopsy (LA),日間操作,"3,500",,,,"陰道窺鏡及活組織檢查（局部麻醉） | 日間操作 | 3,500",https://www.szufh.hk/gynecology-surgery-fees.html
gynecology,妇科,陰道窺鏡,子宮頸錐形切除術,Cervical Cone Biopsy / Conization,日間操作,"18,000",,,,"子宮頸錐形切除術 | 日間操作 | 18,000",https://www.szufh.hk/gynecology-surgery-fees.html
gynecology,妇科,陰道窺鏡,子宮頸電環切除術（,LEEP） Loop Electrosurgical Excision Procedure (LEEP),日間操作,"15,000",,,,"子宮頸電環切除術（ | 日間操作 | 15,000",https://www.szufh.hk/gynecology-surgery-fees.html
gynecology,妇科,陰道窺鏡,預防性子宮頸環紮術,Prophylactic Cervical Cerclage,日間操作,"35,000",,,,"預防性子宮頸環紮術 | 日間操作 | 35,000",https://www.szufh.hk/gynecology-surgery-fees.html
gynecology,妇科,陰道窺鏡,子宮頸病變射頻治療（局部麻醉）,Radiofrequency Treatment of Cervical Lesions (LA),日間操作,"6,000",,,,"子宮頸病變射頻治療（局部麻醉） | 日間操作 | 6,000",https://www.szufh.hk/gynecology-surgery-fees.html
gynecology,妇科,陰道窺鏡,子宮頸病變射頻治療（監測麻醉）,Radiofrequency Treatment of Cervical Lesions (MAC),日間操作,"18,000",,,,"子宮頸病變射頻治療（監測麻醉） | 日間操作 | 18,000",https://www.szufh.hk/gynecology-surgery-fees.html
gynecology,妇科,陰道窺鏡,子宮鏡診治手術 （活組織檢查/息肉切除/縱隔切除/黏連分離/異物取出）,Hysteroscopy with Biopsy / Polypectomy / Septum Resection / Adhesiolysis / Foreign Body Removal,日間操作,,"20,000","25,000",,"子宮鏡診治手術 （活組織檢查/息肉切除/縱隔切除/黏連分離/異物取出） | 日間操作 | 20,000 | 25,000",https://www.szufh.hk/gynecology-surgery-fees.html
gynecology,妇科,陰道窺鏡,子宮鏡子宮肌瘤切除術,Hysteroscopic Myomectomy,日間操作,,"28,000","35,000",,"子宮鏡子宮肌瘤切除術 | 日間操作 | 28,000 | 35,000",https://www.szufh.hk/gynecology-surgery-fees.html
gynecology,妇科,陰道窺鏡,腹腔鏡子宮肌瘤切除術,Laparoscopic Myomectomy,3晚,,"60,000","75,000",,"腹腔鏡子宮肌瘤切除術 | 3晚 | 60,000 | 75,000",https://www.szufh.hk/gynecology-surgery-fees.html
gynecology,妇科,陰道窺鏡,開放式子宮肌瘤切除術,Open Myomectomy,3晚,,"55,000","68,750",,"開放式子宮肌瘤切除術 | 3晚 | 55,000 | 68,750",https://www.szufh.hk/gynecology-surgery-fees.html
gynecology,妇科,陰道窺鏡,腹腔鏡子宮切除術,Laparoscopic Hysterectomy,3晚,,"75,000","93,750",,"腹腔鏡子宮切除術 | 3晚 | 75,000 | 93,750",https://www.szufh.hk/gynecology-surgery-fees.html
gynecology,妇科,陰道窺鏡,腹腔鏡輔助陰式子宮切除術（,LAVH） Laparoscopic Assisted Vaginal Hysterectomy (LAVH),3晚,,"78,000","97,500",,"腹腔鏡輔助陰式子宮切除術（ | 3晚 | 78,000 | 97,500",https://www.szufh.hk/gynecology-surgery-fees.html
gynecology,妇科,陰道窺鏡,開放式子宮切除術,Open Hysterectomy,3晚,,"65,000","81,250",,"開放式子宮切除術 | 3晚 | 65,000 | 81,250",https://www.szufh.hk/gynecology-surgery-fees.html
gynecology,妇科,陰道窺鏡,超聲波引導下子宮輸卵管造影,Ultrasound-guided Hysterosalpingo-contrast Sonography,日間操作,,"4,800","6,000",,"超聲波引導下子宮輸卵管造影 | 日間操作 | 4,800 | 6,000",https://www.szufh.hk/gynecology-surgery-fees.html
gynecology,妇科,陰道窺鏡,腹腔鏡輸卵管結紮術,Laparoscopic Tubal Ligation,日間操作,,"34,800","43,500",,"腹腔鏡輸卵管結紮術 | 日間操作 | 34,800 | 43,500",https://www.szufh.hk/gynecology-surgery-fees.html
gynecology,妇科,陰道窺鏡,腹腔鏡輸卵管切開取胚術,Laparoscopic Salpingostomy for Ectopic Pregnancy,日間操作,,"40,000","50,000",,"腹腔鏡輸卵管切開取胚術 | 日間操作 | 40,000 | 50,000",https://www.szufh.hk/gynecology-surgery-fees.html
gynecology,妇科,陰道窺鏡,腹腔鏡宮外孕切除術,Laparoscopic Removal of Ectopic Pregnancy,1晚,,"50,000","62,500",,"腹腔鏡宮外孕切除術 | 1晚 | 50,000 | 62,500",https://www.szufh.hk/gynecology-surgery-fees.html
gynecology,妇科,陰道窺鏡,腹腔鏡卵巢囊腫切除術 - 單側,Laparoscopic Ovarian Cystectomy - Unilateral,3晚,,"50,000","62,500",,"腹腔鏡卵巢囊腫切除術 - 單側 | 3晚 | 50,000 | 62,500",https://www.szufh.hk/gynecology-surgery-fees.html
gynecology,妇科,陰道窺鏡,腹腔鏡卵巢囊腫切除術 - 雙側,Laparoscopic Ovarian Cystectomy - Bilateral,3晚,,"55,000","68,750",,"腹腔鏡卵巢囊腫切除術 - 雙側 | 3晚 | 55,000 | 68,750",https://www.szufh.hk/gynecology-surgery-fees.html
gynecology,妇科,陰道窺鏡,開放式卵巢囊腫切除術,Open Ovarian Cystectomy,3晚,,"50,000","62,500",,"開放式卵巢囊腫切除術 | 3晚 | 50,000 | 62,500",https://www.szufh.hk/gynecology-surgery-fees.html
gynecology,妇科,陰道窺鏡,門診子宮環置入 - 普通子宮環,IUD Insertion - Standard IUD,日間操作,"4,000",,,,"門診子宮環置入 - 普通子宮環 | 日間操作 | 4,000",https://www.szufh.hk/gynecology-surgery-fees.html
gynecology,妇科,陰道窺鏡,門診子宮環置入 -,Mirena&reg; 子宮環 IUD Insertion - Mirena&reg;,日間操作,"6,000",,,,"門診子宮環置入 - | 日間操作 | 6,000",https://www.szufh.hk/gynecology-surgery-fees.html
gynecology,妇科,陰道窺鏡,門診子宮環取出,IUD Removal,日間操作,"2,000",,,,"門診子宮環取出 | 日間操作 | 2,000",https://www.szufh.hk/gynecology-surgery-fees.html
gynecology,妇科,陰道窺鏡,皮下避孕植入劑置入,Contraceptive Implant Insertion,日間操作,"4,600",,,,"皮下避孕植入劑置入 | 日間操作 | 4,600",https://www.szufh.hk/gynecology-surgery-fees.html
gynecology,妇科,陰道窺鏡,皮下避孕植入劑取出,Contraceptive Implant Removal,日間操作,"3,700",,,,"皮下避孕植入劑取出 | 日間操作 | 3,700",https://www.szufh.hk/gynecology-surgery-fees.html
gynecology,妇科,陰道窺鏡,終止妊娠 / 子宮擴刮術,Termination of Pregnancy / Dilatation and Curettage (D&C),日間操作,"18,000",,,,"終止妊娠 / 子宮擴刮術 | 日間操作 | 18,000",https://www.szufh.hk/gynecology-surgery-fees.html
urology,泌尿外科,前列腺,經會陰MRI-超聲融合引導下前列腺組織活檢（Carbon Venus）,Transperineal MRI-Ultrasound Fusion-Guided Prostate Biopsy (Carbon Venus),日間手術,,"25,000","31,250",,"經會陰MRI-超聲融合引導下前列腺組織活檢（Carbon Venus） | 日間手術 | 25,000 | 31,250",https://www.szufh.hk/urology-surgery-fees.html
urology,泌尿外科,前列腺,前列腺增生熱蒸汽消融術（Rezum）,Rezum Water Vapor Therapy for Benign Prostatic Hyperplasia,日間手術,,"60,000","75,000",,"前列腺增生熱蒸汽消融術（Rezum） | 日間手術 | 60,000 | 75,000",https://www.szufh.hk/urology-surgery-fees.html
urology,泌尿外科,前列腺,經尿道前列腺懸擴術（Urolift）,UroLift Transprostatic Implant Procedure,日間手術,,"65,000","81,250",,"經尿道前列腺懸擴術（Urolift） | 日間手術 | 65,000 | 81,250",https://www.szufh.hk/urology-surgery-fees.html
urology,泌尿外科,前列腺,前列腺電切術（TURP）,Transurethral Resection of the Prostate (TURP),3晚,,"60,000","75,000",,"前列腺電切術（TURP） | 3晚 | 60,000 | 75,000",https://www.szufh.hk/urology-surgery-fees.html
urology,泌尿外科,前列腺,前列腺鈥激光剝離剜除術（HoLEP）,Holmium Laser Enucleation of the Prostate (HoLEP),3晚,,"65,000","81,250",,"前列腺鈥激光剝離剜除術（HoLEP） | 3晚 | 65,000 | 81,250",https://www.szufh.hk/urology-surgery-fees.html
urology,泌尿外科,前列腺,輸尿管鏡鈥激光碎石術 - 硬鏡（URSL）,Ureteroscopic Holmium Laser Lithotripsy - Rigid URSL,日間手術,,"37,000","46,250",,"輸尿管鏡鈥激光碎石術 - 硬鏡（URSL） | 日間手術 | 37,000 | 46,250",https://www.szufh.hk/urology-surgery-fees.html
urology,泌尿外科,前列腺,輸尿管鏡鈥激光碎石術 -軟鏡（Flexible URSL）,Ureteroscopic Holmium Laser Lithotripsy - Flexible URSL,日間手術,,"58,000","72,500",,"輸尿管鏡鈥激光碎石術 -軟鏡（Flexible URSL） | 日間手術 | 58,000 | 72,500",https://www.szufh.hk/urology-surgery-fees.html
urology,泌尿外科,前列腺,膀胱鏡下雙J管支架移除 - 硬鏡,Cystoscopic Double-J Stent Removal Rigid Scope,日間手術,,"10,000","12,500",,"膀胱鏡下雙J管支架移除 - 硬鏡 | 日間手術 | 10,000 | 12,500",https://www.szufh.hk/urology-surgery-fees.html
urology,泌尿外科,前列腺,膀胱鏡下雙J管支架移除 - 軟鏡,Cystoscopic Double-J Stent Removal - Flexible Scope,日間手術,,"13,000","16,250",,"膀胱鏡下雙J管支架移除 - 軟鏡 | 日間手術 | 13,000 | 16,250",https://www.szufh.hk/urology-surgery-fees.html
urology,泌尿外科,前列腺,尿動力檢查套餐,Urodynamic Study Package,日間操作,,"7,500","9,375",,"尿動力檢查套餐 | 日間操作 | 7,500 | 9,375",https://www.szufh.hk/urology-surgery-fees.html
urology,泌尿外科,前列腺,膀胱尿道鏡（伴或不伴活檢）,Cystourethroscopy (With or Without Biopsy),日間操作,,"12,000","15,000",,"膀胱尿道鏡（伴或不伴活檢） | 日間操作 | 12,000 | 15,000",https://www.szufh.hk/urology-surgery-fees.html
urology,泌尿外科,前列腺,輸精管切除術（結紮）,Vasectomy,日間手術,,"16,000","20,000",,"輸精管切除術（結紮） | 日間手術 | 16,000 | 20,000",https://www.szufh.hk/urology-surgery-fees.html
urology,泌尿外科,前列腺,新生兒包皮環切（&le;28天）- 局麻,"Neonatal Circumcision (&le;28 Days) , LA",日間手術,,"5,000","6,250",,"新生兒包皮環切（&le;28天）- 局麻 | 日間手術 | 5,000 | 6,250",https://www.szufh.hk/urology-surgery-fees.html
urology,泌尿外科,前列腺,新生兒包皮環切（&le;28天）- 局麻,"Neonatal Circumcision (&le;28 Days), LA",日間手術,,"5,000","6,250",,"新生兒包皮環切（&le;28天）- 局麻 | 日間手術 | 5,000 | 6,250",https://www.szufh.hk/urology-surgery-fees.html
urology,泌尿外科,前列腺,包皮環切術（傳統）兒童>28天/成人，局麻,"Conventional Circumcision Child >28 Days / Adult, LA",日間手術,,"8,000","10,000",,"包皮環切術（傳統）兒童>28天/成人，局麻 | 日間手術 | 8,000 | 10,000",https://www.szufh.hk/urology-surgery-fees.html
urology,泌尿外科,前列腺,包皮環切術（傳統）兒童>28天/成人，全麻,"Conventional Circumcision Child >28 Days / Adult, GA",日間手術,,"15,000","18,750",,"包皮環切術（傳統）兒童>28天/成人，全麻 | 日間手術 | 15,000 | 18,750",https://www.szufh.hk/urology-surgery-fees.html
urology,泌尿外科,前列腺,包皮環扎術（套環）兒童>28天/成人，局麻,"Ring Circumcision Child >28 Days / Adult, LA",日間手術,,"6,500","8,125",,"包皮環扎術（套環）兒童>28天/成人，局麻 | 日間手術 | 6,500 | 8,125",https://www.szufh.hk/urology-surgery-fees.html
urology,泌尿外科,前列腺,包皮環扎術（套環）兒童>28天/成人，全麻,"Ring Circumcision Child >28 Days / Adult, GA",日間手術,,"12,000","15,000",,"包皮環扎術（套環）兒童>28天/成人，全麻 | 日間手術 | 12,000 | 15,000",https://www.szufh.hk/urology-surgery-fees.html
urology,泌尿外科,前列腺,包皮環切術（吻合器/包皮槍）兒童>28天/成人，局麻,"Stapler Circumcision Child >28 Days / Adult, LA",日間手術,,"8,000","10,000",,"包皮環切術（吻合器/包皮槍）兒童>28天/成人，局麻 | 日間手術 | 8,000 | 10,000",https://www.szufh.hk/urology-surgery-fees.html
urology,泌尿外科,前列腺,包皮環切術（吻合器/包皮槍）兒童>28天/成人，全麻,"Stapler Circumcision Child >28 Days / Adult, GA",日間手術,,"15,000","18,750",,"包皮環切術（吻合器/包皮槍）兒童>28天/成人，全麻 | 日間手術 | 15,000 | 18,750",https://www.szufh.hk/urology-surgery-fees.html
colorectal,肛肠外科,肛腸手術,痔切除術 - 傳統,Conventional Hemorrhoidectomy,1晚,,"16,000","20,000",,"痔切除術 - 傳統 | 1晚 | 16,000 | 20,000",https://www.szufh.hk/colorectal-and-anal-surgery-fees.html
colorectal,肛肠外科,肛腸手術,痔瘡膠圈套扎術(RBL) - 標準,Rubber Band Ligation (RBL) for Hemorrhoids - Standard,日間操作,,"5,800","7,250",,"痔瘡膠圈套扎術(RBL) - 標準 | 日間操作 | 5,800 | 7,250",https://www.szufh.hk/colorectal-and-anal-surgery-fees.html
colorectal,肛肠外科,肛腸手術,痔瘡膠圈套扎術(RBL) - 庫克一次性套扎器,Rubber Band Ligation (RBL) for Hemorrhoids - Cook Disposable Ligator,日間操作,,"8,300","10,375",,"痔瘡膠圈套扎術(RBL) - 庫克一次性套扎器 | 日間操作 | 8,300 | 10,375",https://www.szufh.hk/colorectal-and-anal-surgery-fees.html
colorectal,肛肠外科,肛腸手術,痔瘡硬化劑注射,Hemorrhoid Sclerotherapy Injection,日間操作,,"6,800","8,500",,"痔瘡硬化劑注射 | 日間操作 | 6,800 | 8,500",https://www.szufh.hk/colorectal-and-anal-surgery-fees.html
general-surgery,普通外科,膽囊,腹腔鏡膽囊切除術（含超聲刀）,Laparoscopic Cholecystectomy (Ultrasonic Scalpel),2晚,,"55,000","68,750",,"腹腔鏡膽囊切除術（含超聲刀） | 2晚 | 55,000 | 68,750",https://www.szufh.hk/general-surgery-fees.html
general-surgery,普通外科,膽囊,開放式膽囊切除術,Open Cholecystectomy,2晚,,"55,000","68,750",,"開放式膽囊切除術 | 2晚 | 55,000 | 68,750",https://www.szufh.hk/general-surgery-fees.html
general-surgery,普通外科,膽囊,腹腔鏡闌尾切除術,Laparoscopic Appendectomy,1晚,,"49,800","62,250",,"腹腔鏡闌尾切除術 | 1晚 | 49,800 | 62,250",https://www.szufh.hk/general-surgery-fees.html
general-surgery,普通外科,膽囊,開放式闌尾切除術,Open Appendectomy,1晚,,"58,000","72,500",,"開放式闌尾切除術 | 1晚 | 58,000 | 72,500",https://www.szufh.hk/general-surgery-fees.html
general-surgery,普通外科,膽囊,成人腹腔鏡腹股溝疝修補術 （不含補片）-單側,Adult Laparoscopic Inguinal Hernia Repair (Excluding Mesh) - Unilateral,2晚,,"33,000","41,250",,"成人腹腔鏡腹股溝疝修補術 （不含補片）-單側 | 2晚 | 33,000 | 41,250",https://www.szufh.hk/general-surgery-fees.html
general-surgery,普通外科,膽囊,成人腹腔鏡腹股溝疝修補術 （不含補片）-雙側,Adult Laparoscopic Inguinal Hernia Repair (Excluding Mesh) - Bilateral,2晚,,"47,000","58,750",,"成人腹腔鏡腹股溝疝修補術 （不含補片）-雙側 | 2晚 | 47,000 | 58,750",https://www.szufh.hk/general-surgery-fees.html
general-surgery,普通外科,膽囊,成人腹腔鏡腹股溝疝修補術 （柯惠補片 TEM1509G）-單側,Adult Laparoscopic Inguinal Hernia Repair (Covidien Mesh TEM1509G) - Unilateral,2晚,,"39,000","48,750",,"成人腹腔鏡腹股溝疝修補術 （柯惠補片 TEM1509G）-單側 | 2晚 | 39,000 | 48,750",https://www.szufh.hk/general-surgery-fees.html
general-surgery,普通外科,膽囊,成人腹腔鏡腹股溝疝修補術 （柯惠補片 TEM1509G）-雙側,Adult Laparoscopic Inguinal Hernia Repair (Covidien Mesh TEM1509G) - Bilateral,2晚,,"59,000","73,750",,"成人腹腔鏡腹股溝疝修補術 （柯惠補片 TEM1509G）-雙側 | 2晚 | 59,000 | 73,750",https://www.szufh.hk/general-surgery-fees.html
general-surgery,普通外科,膽囊,超聲引導下甲狀腺穿刺活檢,Ultrasound-Guided Thyroid Biopsy,日間操作,,"3,800","4,750",,"超聲引導下甲狀腺穿刺活檢 | 日間操作 | 3,800 | 4,750",https://www.szufh.hk/general-surgery-fees.html
general-surgery,普通外科,膽囊,甲狀腺全切術,Total Thyroidectomy,3晚,,"70,000","87,500",,"甲狀腺全切術 | 3晚 | 70,000 | 87,500",https://www.szufh.hk/general-surgery-fees.html
general-surgery,普通外科,膽囊,甲狀腺次全切術,Subtotal Thyroidectomy,3晚,,"60,000","75,000",,"甲狀腺次全切術 | 3晚 | 60,000 | 75,000",https://www.szufh.hk/general-surgery-fees.html
general-surgery,普通外科,膽囊,局麻下輸液港置入（巴德）,Bard Power Port Insertion（LA）,日間手術,,"20,000","25,000",,"局麻下輸液港置入（巴德） | 日間手術 | 20,000 | 25,000",https://www.szufh.hk/general-surgery-fees.html
general-surgery,普通外科,膽囊,監測麻醉/全麻下輸液港置入（巴德）,Bard Power Port Insertion（MAC/GA）,日間手術,,"30,000","37,500",,"監測麻醉/全麻下輸液港置入（巴德） | 日間手術 | 30,000 | 37,500",https://www.szufh.hk/general-surgery-fees.html
general-surgery,普通外科,膽囊,輸液港取出術,Implantable Port Removal,日間手術,,"9,800","12,250",,"輸液港取出術 | 日間手術 | 9,800 | 12,250",https://www.szufh.hk/general-surgery-fees.html
breast,乳腺外科,乳腺抽針活檢,乳房幼針穿刺細胞檢查（,FNA） Fine Needle Aspiration of Breast (FNA),日間操作,,"2,800",/,,"乳房幼針穿刺細胞檢查（ | 日間操作 | 2,800 | /",https://www.szufh.hk/breast-surgery-fees.html
breast,乳腺外科,乳腺抽針活檢,乳房粗針活組織檢查（,CNB）/ 超聲波引導乳房粗針活組織檢查 Core Needle Biopsy of Breast (CNB) / Ultrasound-guided Core Biopsy of Breast,日間操作,,"4,500",/,,"乳房粗針活組織檢查（ | 日間操作 | 4,500 | /",https://www.szufh.hk/breast-surgery-fees.html
breast,乳腺外科,乳腺抽針活檢,CNB 加項：每增加一個穿刺部位 / 更換活檢針 CNB Add-on: Each Additional Puncture Site / Replacement Biopsy Needle,,/,,"3,000 / 每點位 3,000 /",/,,"CNB 加項：每增加一個穿刺部位 / 更換活檢針 CNB Add-on: Each Additional Puncture Site / Replacement Biopsy Needle | / | 3,000 / 每點位 3,000 / | /",https://www.szufh.hk/breast-surgery-fees.html
breast,乳腺外科,乳腺抽針活檢,乳房真空輔助活組織檢查（,"VAB），單側，局部麻醉 Vacuum-assisted Breast Biopsy (VAB), Unilateral, Local Anaesthesia",日間操作,,"18,000",/,,"乳房真空輔助活組織檢查（ | 日間操作 | 18,000 | /",https://www.szufh.hk/breast-surgery-fees.html
breast,乳腺外科,乳腺抽針活檢,乳房真空輔助活組織檢查（,"VAB），雙側，局部麻醉 Vacuum-assisted Breast Biopsy (VAB), Bilateral, Local Anaesthesia",日間操作,,"23,000",/,,"乳房真空輔助活組織檢查（ | 日間操作 | 23,000 | /",https://www.szufh.hk/breast-surgery-fees.html
breast,乳腺外科,乳腺抽針活檢,乳房真空輔助活組織檢查（,"VAB），單側，監測麻醉 Vacuum-assisted Breast Biopsy (VAB), Unilateral, MAC",日間操作,,"23,000",/,,"乳房真空輔助活組織檢查（ | 日間操作 | 23,000 | /",https://www.szufh.hk/breast-surgery-fees.html
breast,乳腺外科,乳腺抽針活檢,乳房真空輔助活組織檢查（,"VAB），雙側，監測麻醉 Vacuum-assisted Breast Biopsy (VAB), Bilateral, MAC",日間操作,,"28,000",/,,"乳房真空輔助活組織檢查（ | 日間操作 | 28,000 | /",https://www.szufh.hk/breast-surgery-fees.html
breast,乳腺外科,乳腺抽針活檢,VAB 加項：同側每增加一個進刀口 / 更換一把活檢槍 VAB Add-on: Each Additional Incision Site on the Same Side / Replacement Biopsy Gun,,/,,"4,000 / 每點位 4,000 /",/,,"VAB 加項：同側每增加一個進刀口 / 更換一把活檢槍 VAB Add-on: Each Additional Incision Site on the Same Side / Replacement Biopsy Gun | / | 4,000 / 每點位 4,000 / | /",https://www.szufh.hk/breast-surgery-fees.html
breast,乳腺外科,乳腺抽針活檢,VAB 加項：同進刀口內第二個及以上結節 VAB Add-on: Second and Subsequent Lesions through the Same Incision Site,,/,,"2,000 / 每結節 2,000 /",/,,"VAB 加項：同進刀口內第二個及以上結節 VAB Add-on: Second and Subsequent Lesions through the Same Incision Site | / | 2,000 / 每結節 2,000 / | /",https://www.szufh.hk/breast-surgery-fees.html
breast,乳腺外科,乳腺抽針活檢,乳房腫塊切除術（單側）,Breast Lump Excision (Unilateral),日間手術,,"28,000","35,000",,"乳房腫塊切除術（單側） | 日間手術 | 28,000 | 35,000",https://www.szufh.hk/breast-surgery-fees.html
breast,乳腺外科,乳腺抽針活檢,乳房腫塊切除術（雙側）,Breast Lump Excision (Bilateral),日間手術,,"35,000","43,750",,"乳房腫塊切除術（雙側） | 日間手術 | 35,000 | 43,750",https://www.szufh.hk/breast-surgery-fees.html
breast,乳腺外科,乳腺抽針活檢,單側部分乳房切除+前哨淋巴結活檢伴或不伴腋窩淋巴結清掃術,Unilateral Partial Mastectomy + Sentinel Lymph Node Biopsy With or Without Axillary Lymph Node Dissection,3晚,,"70,000","87,500",,"單側部分乳房切除+前哨淋巴結活檢伴或不伴腋窩淋巴結清掃術 | 3晚 | 70,000 | 87,500",https://www.szufh.hk/breast-surgery-fees.html
breast,乳腺外科,乳腺抽針活檢,單側乳腺癌根治術+前哨淋巴結活檢術伴或不伴腋窩淋巴結清掃術,Unilateral Radical Mastectomy + Sentinel Lymph Node Biopsy With or Without Axillary Lymph Node Dissection,5晚,,"80,000","100,000",,"單側乳腺癌根治術+前哨淋巴結活檢術伴或不伴腋窩淋巴結清掃術 | 5晚 | 80,000 | 100,000",https://www.szufh.hk/breast-surgery-fees.html
breast,乳腺外科,乳腺抽針活檢,超聲波引導乳房囊腫抽吸,Ultrasound-guided Breast Cyst Aspiration,日間操作,,"3,000",/,,"超聲波引導乳房囊腫抽吸 | 日間操作 | 3,000 | /",https://www.szufh.hk/breast-surgery-fees.html
breast,乳腺外科,乳腺抽針活檢,囊腫抽吸加項：每增加一個囊腫,Cyst Aspiration Add-on: Each Additional Cyst,/,,600,/,,囊腫抽吸加項：每增加一個囊腫 | / | 600 | /,https://www.szufh.hk/breast-surgery-fees.html
orthopedic,骨科,膝關節置換,單側全膝關節置換術 - 指定植入物選項 （史賽克、捷邁邦美PS）,"Unilateral Total Knee Replacement (TKR) Stryker, Zimmer Biomet PS",5晚,,"42,000",,,"單側全膝關節置換術 - 指定植入物選項 （史賽克、捷邁邦美PS） | 5晚 | 42,000 | ",https://www.szufh.hk/orthopedic-surgery-fees.html
orthopedic,骨科,膝關節置換,單側全膝關節置換術 - 指定植入物選項 （強生、捷邁邦美CR）,"Unilateral Total Knee Replacement (TKR) Johnson & Johnson, Zimmer Biomet CR",5晚,,"88,000","110,000",,"單側全膝關節置換術 - 指定植入物選項 （強生、捷邁邦美CR） | 5晚 | 88,000 | 110,000",https://www.szufh.hk/orthopedic-surgery-fees.html
orthopedic,骨科,膝關節置換,單側單髁關節置換術（部份膝關節置換術） 指定植入物選項 （力達康、捷邁邦美）,"Unilateral Unicompartmental Knee Arthroplasty (UKA) / Partial Knee Replacement - LDK, Zimmer Biomet",5晚,,"42,000","52,500",,"單側單髁關節置換術（部份膝關節置換術） 指定植入物選項 （力達康、捷邁邦美） | 5晚 | 42,000 | 52,500",https://www.szufh.hk/orthopedic-surgery-fees.html
orthopedic,骨科,膝關節置換,單側全膝關節置換術 - 機械臂輔助CORI 指定植入物選項 （施乐辉）,Unilateral Total Knee Replacement (TKR) Robotic-arm Assisted CORI - Smith & Nephew,5晚,,"68,000","85,000",,"單側全膝關節置換術 - 機械臂輔助CORI 指定植入物選項 （施乐辉） | 5晚 | 68,000 | 85,000",https://www.szufh.hk/orthopedic-surgery-fees.html
orthopedic,骨科,膝關節置換,單側全膝關節置換術 - 機械臂輔助CORI 指定植入物選項 （施乐辉黑晶）,Unilateral Total Knee Replacement (TKR) Robotic-arm Assisted CORI - Smith & Nephew Oxinium,5晚,,"108,000","135,000",,"單側全膝關節置換術 - 機械臂輔助CORI 指定植入物選項 （施乐辉黑晶） | 5晚 | 108,000 | 135,000",https://www.szufh.hk/orthopedic-surgery-fees.html
orthopedic,骨科,膝關節置換,單側全髖關節置換術 - 陶瓷對陶瓷 指定植入物選項 （大博、力達康、蒙太因）,"Unilateral Total Hip Replacement (THR) Ceramic-on-Ceramic (Double Medical, LDK, Montagne)",6晚,,"83,000","103,750",,"單側全髖關節置換術 - 陶瓷對陶瓷 指定植入物選項 （大博、力達康、蒙太因） | 6晚 | 83,000 | 103,750",https://www.szufh.hk/orthopedic-surgery-fees.html
orthopedic,骨科,膝關節置換,單側全髖關節置換術 - 陶瓷對陶瓷 指定植入物選項 （捷邁、史賽克）,"Unilateral Total Hip Replacement (THR) Ceramic-on-Ceramic Zimmer, Stryker)",6晚,,"95,000","118,750",,"單側全髖關節置換術 - 陶瓷對陶瓷 指定植入物選項 （捷邁、史賽克） | 6晚 | 95,000 | 118,750",https://www.szufh.hk/orthopedic-surgery-fees.html
orthopedic,骨科,膝關節置換,單側全髖關節置換術 - 陶瓷對聚乙烯 指定植入物選項 （大博、力達康、蒙太因）,"Unilateral Total Hip Replacement (THR) Ceramic-on-Polyethylene (Double Medical, LDK, Montagne)",6晚,,"76,000","95,000",,"單側全髖關節置換術 - 陶瓷對聚乙烯 指定植入物選項 （大博、力達康、蒙太因） | 6晚 | 76,000 | 95,000",https://www.szufh.hk/orthopedic-surgery-fees.html
orthopedic,骨科,膝關節置換,單側全髖關節置換術 - 陶瓷對聚乙烯 指定植入物選項 （捷邁、史賽克）,"Unilateral Total Hip Replacement (THR) Ceramic-on-Polyethylene (Zimmer, Stryker)",6晚,,"88,000","110,000",,"單側全髖關節置換術 - 陶瓷對聚乙烯 指定植入物選項 （捷邁、史賽克） | 6晚 | 88,000 | 110,000",https://www.szufh.hk/orthopedic-surgery-fees.html
orthopedic,骨科,膝關節置換,【集採】腰椎減壓融合內固定術 (,PLIF/TLIF) - 首個節段 [Centralized Procurement] Lumbar Decompression and Fusion with Internal Fixation (PLIF/TLIF) - First Level,6晚,,"108,000","135,000",,"【集採】腰椎減壓融合內固定術 ( | 6晚 | 108,000 | 135,000",https://www.szufh.hk/orthopedic-surgery-fees.html
orthopedic,骨科,膝關節置換,【非集採】腰椎減壓融合內固定術 (,PLIF/TLIF) - 首個節段 [Non-Centralized Procurement] Lumbar Decompression and Fusion with Internal Fixation (PLIF/TLIF) - First Level,6晚,,"168,000","210,000",,"【非集採】腰椎減壓融合內固定術 ( | 6晚 | 168,000 | 210,000",https://www.szufh.hk/orthopedic-surgery-fees.html
orthopedic,骨科,膝關節置換,【集採】頸椎前路椎間盤切除及融合術 (,ACDF) - 首個節段 [Centralized Procurement] Anterior Cervical Discectomy and Fusion (ACDF) - First Level,3晚,,"128,000","160,000",,"【集採】頸椎前路椎間盤切除及融合術 ( | 3晚 | 128,000 | 160,000",https://www.szufh.hk/orthopedic-surgery-fees.html
orthopedic,骨科,膝關節置換,【非集採】頸椎前路椎間盤切除及融合術 (,ACDF) - 首個節段 [Non-Centralized Procurement] Anterior Cervical Discectomy and Fusion (ACDF) - First Level,3晚,,"170,000","212,500",,"【非集採】頸椎前路椎間盤切除及融合術 ( | 3晚 | 170,000 | 212,500",https://www.szufh.hk/orthopedic-surgery-fees.html
orthopedic,骨科,膝關節置換,【集採】頸椎前路人工椎間盤置換術 (,ADR) - 首個節段 [Centralized Procurement] Anterior Cervical Artificial Disc Replacement (ADR) - First Level,3晚,,"140,000","175,000",,"【集採】頸椎前路人工椎間盤置換術 ( | 3晚 | 140,000 | 175,000",https://www.szufh.hk/orthopedic-surgery-fees.html
orthopedic,骨科,膝關節置換,【集採】頸椎後路單開門椎管擴大成形術及內固定術 - 三個節段 [,Centralized Procurement] Posterior Cervical Single-door Laminoplasty with Internal Fixation - Three Levels,4晚,,"140,000","175,000",,"【集採】頸椎後路單開門椎管擴大成形術及內固定術 - 三個節段 [ | 4晚 | 140,000 | 175,000",https://www.szufh.hk/orthopedic-surgery-fees.html
orthopedic,骨科,膝關節置換,單側雙通道脊柱內鏡下（,UBE）椎管神經減壓術 - 首個節段 Unilateral Biportal Endoscopic (UBE) Spinal Canal Nerve Decompression - First Level,3晚,,"140,000","175,000",,"單側雙通道脊柱內鏡下（ | 3晚 | 140,000 | 175,000",https://www.szufh.hk/orthopedic-surgery-fees.html
orthopedic,骨科,膝關節置換,骨科 - 腫塊切除術（5厘米以下）,Excision of Lump (<5cm),日間手術,,"12,000","15,000",,"骨科 - 腫塊切除術（5厘米以下） | 日間手術 | 12,000 | 15,000",https://www.szufh.hk/orthopedic-surgery-fees.html
orthopedic,骨科,膝關節置換,骨科 - 腫塊切除術（5厘米以上）,Excision of Lump (&ge;5cm),日間手術,,"17,000","21,250",,"骨科 - 腫塊切除術（5厘米以上） | 日間手術 | 17,000 | 21,250",https://www.szufh.hk/orthopedic-surgery-fees.html
orthopedic,骨科,膝關節置換,骨科 - 腱鞘囊腫切除術（簡單）,Excision of Ganglion Cyst (Simple),日間手術,,"11,000","13,750",,"骨科 - 腱鞘囊腫切除術（簡單） | 日間手術 | 11,000 | 13,750",https://www.szufh.hk/orthopedic-surgery-fees.html
orthopedic,骨科,膝關節置換,骨科 - 腱鞘囊腫切除術（複雜）,Excision of Ganglion Cyst (Complex),日間手術,,"16,000","20,000",,"骨科 - 腱鞘囊腫切除術（複雜） | 日間手術 | 16,000 | 20,000",https://www.szufh.hk/orthopedic-surgery-fees.html
orthopedic,骨科,膝關節置換,無痛肩周炎（冰凍肩）鬆解術,Painless Frozen Shoulder (Adhesive Capsulitis) Release,日間手術,,"9,800","12,250",,"無痛肩周炎（冰凍肩）鬆解術 | 日間手術 | 9,800 | 12,250",https://www.szufh.hk/orthopedic-surgery-fees.html
orthopedic,骨科,膝關節置換,關節鏡前十字韌帶重建術 / 關節鏡後十字韌帶重建術,Arthroscopic Anterior Cruciate Ligament (ACL) Reconstruction / Arthroscopic Posterior Cruciate Ligament (PCL) Reconstruction,4晚,,"68,000","85,000",,"關節鏡前十字韌帶重建術 / 關節鏡後十字韌帶重建術 | 4晚 | 68,000 | 85,000",https://www.szufh.hk/orthopedic-surgery-fees.html
orthopedic,骨科,膝關節置換,關節鏡半月板成形術,Arthroscopic Meniscal Meniscoplasty,2晚,,"49,000","61,250",,"關節鏡半月板成形術 | 2晚 | 49,000 | 61,250",https://www.szufh.hk/orthopedic-surgery-fees.html
orthopedic,骨科,膝關節置換,關節鏡前／後十字韌帶重建合併半月板修補／成形術,ACL / PCL Reconstruction with Meniscal Repair / Meniscectomy,4晚,,"90,000","112,500",,"關節鏡前／後十字韌帶重建合併半月板修補／成形術 | 4晚 | 90,000 | 112,500",https://www.szufh.hk/orthopedic-surgery-fees.html
orthopedic,骨科,膝關節置換,關節鏡滑膜切除術,Arthroscopic Synovectomy,2晚,,"35,000","43,750",,"關節鏡滑膜切除術 | 2晚 | 35,000 | 43,750",https://www.szufh.hk/orthopedic-surgery-fees.html
orthopedic,骨科,膝關節置換,關節鏡軟骨成形術,Arthroscopic Chondroplasty,2晚,,"38,000","47,500",,"關節鏡軟骨成形術 | 2晚 | 38,000 | 47,500",https://www.szufh.hk/orthopedic-surgery-fees.html
orthopedic,骨科,膝關節置換,關節鏡下踝關節韌帶修補術,Arthroscopic Ankle Ligament Repair,2晚,,"53,000","66,250",,"關節鏡下踝關節韌帶修補術 | 2晚 | 53,000 | 66,250",https://www.szufh.hk/orthopedic-surgery-fees.html
orthopedic,骨科,膝關節置換,關節鏡下臀肌攣縮鬆解術,Arthroscopic Gluteal Muscle Contracture Release,4晚,,"36,000","45,000",,"關節鏡下臀肌攣縮鬆解術 | 4晚 | 36,000 | 45,000",https://www.szufh.hk/orthopedic-surgery-fees.html
pain,疼痛科,疼痛管理,神經阻滯套餐（超聲引導下）,Nerve Block Package (Ultrasound-Guided),日間操作,,"3,600","4,500",,"神經阻滯套餐（超聲引導下） | 日間操作 | 3,600 | 4,500",https://www.szufh.hk/pain-management-procedure-fees.html
pain,疼痛科,疼痛管理,神經造影+神經阻滯（手術室）,Neurography + Nerve Block (OR),日間操作,,"5,000","6,250",,"神經造影+神經阻滯（手術室） | 日間操作 | 5,000 | 6,250",https://www.szufh.hk/pain-management-procedure-fees.html
pain,疼痛科,疼痛管理,神經射頻+造影+神經阻滯（手術室）,Nerve Radiofrequency + Neurography + Nerve Block (OR),日間操作,,"17,000","21,250",,"神經射頻+造影+神經阻滯（手術室） | 日間操作 | 17,000 | 21,250",https://www.szufh.hk/pain-management-procedure-fees.html
pain,疼痛科,疼痛管理,三叉神經球囊壓迫術,Balloon Compression for Trigeminal Neuralgia,3晚,,"32,000","40,000",,"三叉神經球囊壓迫術 | 3晚 | 32,000 | 40,000",https://www.szufh.hk/pain-management-procedure-fees.html
pain,疼痛科,疼痛管理,鞘內鎮痛泵植入術,Intrathecal Analgesic Pump Implantation,5晚,,"220,000","275,000",,"鞘內鎮痛泵植入術 | 5晚 | 220,000 | 275,000",https://www.szufh.hk/pain-management-procedure-fees.html
pain,疼痛科,疼痛管理,脊柱內鏡 - 腰椎（监测麻醉）,Spinal Endoscopy - Lumbar Spine (MAC),日間操作,,"40,000","50,000",,"脊柱內鏡 - 腰椎（监测麻醉） | 日間操作 | 40,000 | 50,000",https://www.szufh.hk/pain-management-procedure-fees.html
pain,疼痛科,疼痛管理,脊柱內鏡 - 頸椎（监测麻醉）,Spinal Endoscopy - Cervical Spine (MAC),日間操作,,"40,000","50,000",,"脊柱內鏡 - 頸椎（监测麻醉） | 日間操作 | 40,000 | 50,000",https://www.szufh.hk/pain-management-procedure-fees.html
pain,疼痛科,疼痛管理,脊髓電刺激植入術 - 第一期（測試階段）,Spinal Cord Stimulator (SCS) Implantation - Stage 1 (Trial),3晚,,"30,000","37,500",,"脊髓電刺激植入術 - 第一期（測試階段） | 3晚 | 30,000 | 37,500",https://www.szufh.hk/pain-management-procedure-fees.html
pain,疼痛科,疼痛管理,脊髓電刺激植入術 - 第二期（永久植入）,Spinal Cord Stimulator (SCS) Implantation - Stage 2 (Permanent Implant),1晚,,"38,000","47,500",,"脊髓電刺激植入術 - 第二期（永久植入） | 1晚 | 38,000 | 47,500",https://www.szufh.hk/pain-management-procedure-fees.html
ent,耳鼻喉科,腺樣體/扁桃體,內窺鏡腺樣增殖體切除手術,Endoscopic Assisted Adenoidectomy,日間手術,,"24,800","31,000",,"內窺鏡腺樣增殖體切除手術 | 日間手術 | 24,800 | 31,000",https://www.szufh.hk/ent-surgery-fees.html
ent,耳鼻喉科,腺樣體/扁桃體,扁桃體切除術,Tonsillectomy,日間手術,,"29,800","37,250",,"扁桃體切除術 | 日間手術 | 29,800 | 37,250",https://www.szufh.hk/ent-surgery-fees.html
ent,耳鼻喉科,腺樣體/扁桃體,內窺鏡扁桃體及腺樣增殖體切除手術,Endoscopic Assisted Tonsillectomy and Adenoidectomy,日間手術,,"32,800","41,000",,"內窺鏡扁桃體及腺樣增殖體切除手術 | 日間手術 | 32,800 | 41,000",https://www.szufh.hk/ent-surgery-fees.html
ent,耳鼻喉科,腺樣體/扁桃體,功能性內窺鏡鼻竇手術（不伴鼻瘜肉）,Functional Endoscopic Sinus Surgery (FESS) without Nasal Polyps,3晚,,"50,000","62,500",,"功能性內窺鏡鼻竇手術（不伴鼻瘜肉） | 3晚 | 50,000 | 62,500",https://www.szufh.hk/ent-surgery-fees.html
ent,耳鼻喉科,腺樣體/扁桃體,功能性內窺鏡鼻竇手術（伴有鼻瘜肉切除）,Functional Endoscopic Sinus Surgery (FESS) with Nasal Polyps,3晚,,"55,000","68,750",,"功能性內窺鏡鼻竇手術（伴有鼻瘜肉切除） | 3晚 | 55,000 | 68,750",https://www.szufh.hk/ent-surgery-fees.html
ent,耳鼻喉科,腺樣體/扁桃體,內窺鏡鼻中隔矯正 及 鼻甲骨切除術,Endoscopic Septoplasty and Turbinectomy,2晚,,"35,000","43,750",,"內窺鏡鼻中隔矯正 及 鼻甲骨切除術 | 2晚 | 35,000 | 43,750",https://www.szufh.hk/ent-surgery-fees.html
ent,耳鼻喉科,腺樣體/扁桃體,功能性內窺鏡鼻竇手術 及 鼻中隔矯正術,Functional Endoscopic Sinus Surgery (FESS) and Septoplasty,3晚,,"70,000","87,500",,"功能性內窺鏡鼻竇手術 及 鼻中隔矯正術 | 3晚 | 70,000 | 87,500",https://www.szufh.hk/ent-surgery-fees.html
ent,耳鼻喉科,腺樣體/扁桃體,鼓膜修補術,Myringoplasty,日间手术,,"22,000",,,"鼓膜修補術 | 日间手术 | 22,000 | /",https://www.szufh.hk/ent-surgery-fees.html
ent,耳鼻喉科,腺樣體/扁桃體,顯微喉鏡+/-活組織檢查,Micro Laryngoscopy+/-Biopsy,日间手术,,"30,000",,,"顯微喉鏡+/-活組織檢查 | 日间手术 | 30,000 | /",https://www.szufh.hk/ent-surgery-fees.html
ophthalmic,眼科,玻璃體,玻璃體注藥術（羅維視法瑞西單抗）,Intravitreal Injection (Vabysmo / Faricimab),日間手術,,"7,200","9,000",,"玻璃體注藥術（羅維視法瑞西單抗） | 日間手術 | 7,200 | 9,000",https://www.szufh.hk/ophthalmic-surgery-fees.html
ophthalmic,眼科,玻璃體,白內障超聲波晶體乳化術及植入人工晶體 (單焦距非散光) -單眼/ 局部麻醉,Phacoemulsification (Phaco) Cataract Surgery and Insertion of Intraocular Lens (MONOFOCAL Non-Toric) - Unilateral/ LA,日間手術,,"8,000","10,000",,"白內障超聲波晶體乳化術及植入人工晶體 (單焦距非散光) -單眼/ 局部麻醉 | 日間手術 | 8,000 | 10,000",https://www.szufh.hk/ophthalmic-surgery-fees.html
ophthalmic,眼科,玻璃體,白內障超聲波晶體乳化術及植入人工晶體 (双焦距非散光) -單眼/ 局部麻醉,Phacoemulsification (Phaco) Cataract Surgery and Insertion of Intraocular Lens (BIFOCAL Non-Toric) - Unilateral/ LA,日間手術,,"10,600","13,250",,"白內障超聲波晶體乳化術及植入人工晶體 (双焦距非散光) -單眼/ 局部麻醉 | 日間手術 | 10,600 | 13,250",https://www.szufh.hk/ophthalmic-surgery-fees.html
ophthalmic,眼科,玻璃體,白內障超聲波晶體乳化術及植入人工晶體 (,EDOF) -單眼/ 局部麻醉 Phacoemulsification (Phaco) Cataract Surgery and Insertion of Intraocular Lens (EDOF) - Unilateral/ LA,日間手術,,"16,000","20,000",,"白內障超聲波晶體乳化術及植入人工晶體 ( | 日間手術 | 16,000 | 20,000",https://www.szufh.hk/ophthalmic-surgery-fees.html
ophthalmic,眼科,玻璃體,白內障超聲波晶體乳化術及植入人工晶體 (三焦距非散光) -單眼/ 局部麻醉,Phacoemulsification (Phaco) Cataract Surgery and Insertion of Intraocular Lens (TRIFOCAL Non-Toric) - Unilateral/ LA,日間手術,,"26,000","32,500",,"白內障超聲波晶體乳化術及植入人工晶體 (三焦距非散光) -單眼/ 局部麻醉 | 日間手術 | 26,000 | 32,500",https://www.szufh.hk/ophthalmic-surgery-fees.html
ophthalmic,眼科,玻璃體,斜視手術（1條水平肌）/全身麻醉,Strabismus Surgery (1 Horizontal Muscle) / GA,日間手術,,"20,000","25,000",,"斜視手術（1條水平肌）/全身麻醉 | 日間手術 | 20,000 | 25,000",https://www.szufh.hk/ophthalmic-surgery-fees.html
ophthalmic,眼科,玻璃體,斜視手術（2條水平肌）/全身麻醉,Strabismus Surgery (2 Horizontal Muscles) / GA,日間手術,,"22,000","27,500",,"斜視手術（2條水平肌）/全身麻醉 | 日間手術 | 22,000 | 27,500",https://www.szufh.hk/ophthalmic-surgery-fees.html
emergency-plastic,急诊整形外科,美容縫合,急症/整形外科美容縫合套餐（4厘米以內）- 組織膠水縫合,Emergency / Plastic Surgery Cosmetic Suture Package (&le;4cm) - Tissue Glue Closure,日間操作,,"2,500","3,125",,"急症/整形外科美容縫合套餐（4厘米以內）- 組織膠水縫合 | 日間操作 | 2,500 | 3,125",https://www.szufh.hk/emergency-and-plastic-surgery-fees.html
emergency-plastic,急诊整形外科,美容縫合,急症/整形外科美容縫合套餐（小於2厘米）,Emergency / Plastic Surgery Cosmetic Suture Package (<2cm),日間操作,,"2,400","3,000",,"急症/整形外科美容縫合套餐（小於2厘米） | 日間操作 | 2,400 | 3,000",https://www.szufh.hk/emergency-and-plastic-surgery-fees.html
emergency-plastic,急诊整形外科,美容縫合,急症/整形外科美容縫合套餐（2至4厘米）,Emergency / Plastic Surgery Cosmetic Suture Package (2-4cm),日間操作,,"3,200","4,000",,"急症/整形外科美容縫合套餐（2至4厘米） | 日間操作 | 3,200 | 4,000",https://www.szufh.hk/emergency-and-plastic-surgery-fees.html
emergency-plastic,急诊整形外科,美容縫合,急症/整形外科美容縫合套餐（4至8厘米）,Emergency / Plastic Surgery Cosmetic Suture Package (4-8cm),日間操作,,"4,000","5,000",,"急症/整形外科美容縫合套餐（4至8厘米） | 日間操作 | 4,000 | 5,000",https://www.szufh.hk/emergency-and-plastic-surgery-fees.html
cardiology,心内科,冠狀動脈,冠狀動脈造影（日間手術）,Coronary Angiogram Package (Day Surgery),日間手術,,"22,000",,,"冠狀動脈造影（日間手術） | 日間手術 | 22,000",https://www.szufh.hk/cardiology-surgery-fees.html
cardiology,心内科,冠狀動脈,冠狀動脈造影（住院1晚）,Coronary Angiogram Package (1-Night Inpatient),1晚,,"24,500",,,"冠狀動脈造影（住院1晚） | 1晚 | 24,500",https://www.szufh.hk/cardiology-surgery-fees.html
cardiology,心内科,冠狀動脈,冠狀動脈造影 + 冠狀動脈支架置入,Coronary Angiogram + Percutaneous Coronary Intervention (PCI) Package,2晚,,"58,000",,,"冠狀動脈造影 + 冠狀動脈支架置入 | 2晚 | 58,000",https://www.szufh.hk/cardiology-surgery-fees.html
cardiology,心内科,冠狀動脈,冠狀動脈造影 + 冠狀動脈支架置入 每增加一個支架,Coronary Angiogram + Percutaneous Coronary Intervention (PCI) Package - Each Additional Stent,/,,"16,000",,,"冠狀動脈造影 + 冠狀動脈支架置入 每增加一個支架 | / | 16,000",https://www.szufh.hk/cardiology-surgery-fees.html
