specialty,procedure,avg_los_days,total_min,total_median,total_mean,total_max,ot_fee_min,ot_fee_median,ot_fee_mean,ot_fee_max,doctor_fee_min,doctor_fee_median,doctor_fee_mean,doctor_fee_max,anaesth_fee_min,anaesth_fee_median,anaesth_fee_mean,anaesth_fee_max,hospital_fee_min,hospital_fee_median,hospital_fee_mean,hospital_fee_max,room_class,period,updated,currency,source,source_url
耳鼻喉科,鼻中隔成形術,2.6,40690,93450,101510,232730,13070,21620,25590,54480,18220,49600,52730,120000,5460,12390,14810,39900,3290,6740,8380,28950,標準房,2025-07 to 2025-12,2026-01-15,HKD,union_hospital_general_surgery_charges_tc.pdf,https://www.union.org/appassets/Charges/union_hospital_general_surgery_charges_tc.pdf
耳鼻喉科,扁桃體切除術,2.1,28770,65790,71290,129900,11660,17800,17990,29790,10760,27300,31390,61800,3230,8100,9230,21000,3120,10690,12690,58650,標準房,2025-07 to 2025-12,2026-01-15,HKD,union_hospital_general_surgery_charges_tc.pdf,https://www.union.org/appassets/Charges/union_hospital_general_surgery_charges_tc.pdf
耳鼻喉科,功能性內視鏡鼻竇手術,2.8,56520,135840,140700,384600,15800,42270,40970,89150,23540,66000,68920,207430,7060,18000,19250,60000,3640,9710,11560,30130,標準房,2025-07 to 2025-12,2026-01-15,HKD,union_hospital_general_surgery_charges_tc.pdf,https://www.union.org/appassets/Charges/union_hospital_general_surgery_charges_tc.pdf
耳鼻喉科,顯微喉內視鏡檢查,2.0,34580,57850,59790,144740,11750,15070,15870,41720,11950,26230,26950,57000,3590,8000,7960,15000,3410,7350,9020,39820,標準房,2025-07 to 2025-12,2026-01-15,HKD,union_hospital_general_surgery_charges_tc.pdf,https://www.union.org/appassets/Charges/union_hospital_general_surgery_charges_tc.pdf
眼科,晶狀體乳化+人工晶體植入術(局部麻醉)(非住院),1.0,13000,21130,22990,60680,6070,6070,7100,18840,6000,13100,14880,42000,0,0,0,0,930,930,1020,3470,標準房,2025-07 to 2025-12,2026-01-15,HKD,union_hospital_general_surgery_charges_tc.pdf,https://www.union.org/appassets/Charges/union_hospital_general_surgery_charges_tc.pdf
外科,痔瘡切除術,2.2,30910,44040,46540,83420,7170,9140,10700,16400,12080,18600,20780,35000,3490,5500,5970,11550,1910,8630,9090,42860,標準房,2025-07 to 2025-12,2026-01-15,HKD,union_hospital_general_surgery_charges_tc.pdf,https://www.union.org/appassets/Charges/union_hospital_general_surgery_charges_tc.pdf
外科,超聲波導引乳房腫塊切除術,2.2,35480,57200,64130,157600,10680,14810,15570,30450,12450,27200,29520,74400,3740,7500,8560,23000,5080,9430,10480,50390,標準房,2025-07 to 2025-12,2026-01-15,HKD,union_hospital_general_surgery_charges_tc.pdf,https://www.union.org/appassets/Charges/union_hospital_general_surgery_charges_tc.pdf
外科,乳房切除術,4.3,107930,122880,126660,147540,22080,29200,28690,33140,51000,59700,61460,73600,14500,17500,17750,21000,15800,17950,18760,24770,標準房,2025-07 to 2025-12,2026-01-15,HKD,union_hospital_general_surgery_charges_tc.pdf,https://www.union.org/appassets/Charges/union_hospital_general_surgery_charges_tc.pdf
外科,腹腔鏡內膽囊切除術,3.2,74300,97010,110660,232740,19530,24940,28050,74250,27200,41820,45810,84220,8000,12600,13740,28000,9890,16010,23060,78200,標準房,2025-07 to 2025-12,2026-01-15,HKD,union_hospital_general_surgery_charges_tc.pdf,https://www.union.org/appassets/Charges/union_hospital_general_surgery_charges_tc.pdf
外科,腹腔鏡直腸切除術,9.4,181630,251570,282140,478440,56530,80060,84590,126260,53220,92610,103010,206220,13000,25750,27670,50000,35350,54240,66880,175170,標準房,2025-07 to 2025-12,2026-01-15,HKD,union_hospital_general_surgery_charges_tc.pdf,https://www.union.org/appassets/Charges/union_hospital_general_surgery_charges_tc.pdf
產婦科,肌瘤切除術,4.9,91990,119490,121810,185050,16730,26480,26020,36750,44000,54000,56600,104000,12000,15750,16640,33000,15260,22140,22550,30610,標準房,2025-07 to 2025-12,2026-01-15,HKD,union_hospital_general_surgery_charges_tc.pdf,https://www.union.org/appassets/Charges/union_hospital_general_surgery_charges_tc.pdf
產婦科,刮宮術,1.4,16240,28970,29650,44200,4950,5600,5920,11660,5000,14700,14320,23000,2000,4500,4390,7000,2300,3810,5020,19360,標準房,2025-07 to 2025-12,2026-01-15,HKD,union_hospital_general_surgery_charges_tc.pdf,https://www.union.org/appassets/Charges/union_hospital_general_surgery_charges_tc.pdf
產婦科,腹腔鏡卵巢囊腫切除術,3.3,69740,99300,103550,159300,21070,26870,27500,39430,17550,43600,44120,82000,5830,13300,13450,24000,9580,16180,18490,44040,標準房,2025-07 to 2025-12,2026-01-15,HKD,union_hospital_general_surgery_charges_tc.pdf,https://www.union.org/appassets/Charges/union_hospital_general_surgery_charges_tc.pdf
產婦科,宮腔鏡檢查+刮宮術,1.5,19670,38650,39370,78450,4950,8320,8830,23800,5800,18200,17690,35600,1800,5250,5240,9400,2170,6330,7610,27140,標準房,2025-07 to 2025-12,2026-01-15,HKD,union_hospital_general_surgery_charges_tc.pdf,https://www.union.org/appassets/Charges/union_hospital_general_surgery_charges_tc.pdf
產婦科,腹腔鏡輔助子宮切除術,4.6,100420,156420,162930,397250,28020,37550,41900,84060,40500,65500,76470,230400,12000,21000,22350,64000,14360,20480,22210,68050,標準房,2025-07 to 2025-12,2026-01-15,HKD,union_hospital_general_surgery_charges_tc.pdf,https://www.union.org/appassets/Charges/union_hospital_general_surgery_charges_tc.pdf
骨科,開放性復位及內固定術,3.1,36870,68560,89530,227720,6890,25650,29900,81760,24300,32260,39220,94600,0,0,6580,25000,5080,10110,13830,53450,標準房,2025-07 to 2025-12,2026-01-15,HKD,union_hospital_general_surgery_charges_tc.pdf,https://www.union.org/appassets/Charges/union_hospital_general_surgery_charges_tc.pdf
骨科,全膝關節置換術,5.6,129180,165590,173980,282320,49960,64530,68790,116410,26220,57500,62080,122400,13000,17000,18280,38000,9500,25630,24830,48110,標準房,2025-07 to 2025-12,2026-01-15,HKD,union_hospital_general_surgery_charges_tc.pdf,https://www.union.org/appassets/Charges/union_hospital_general_surgery_charges_tc.pdf
骨科,膝關節內窺鏡檢查,3.0,69000,95970,89110,108980,19120,23700,26360,33950,30900,40000,39550,51300,9900,11000,11540,15000,5710,10270,11660,21650,標準房,2025-07 to 2025-12,2026-01-15,HKD,union_hospital_general_surgery_charges_tc.pdf,https://www.union.org/appassets/Charges/union_hospital_general_surgery_charges_tc.pdf
骨科,膝前十字韌帶重建術,3.5,110260,137120,134470,159810,39570,46980,50290,70760,43000,53800,53340,64800,13830,15000,15890,20000,8080,14480,14950,20670,標準房,2025-07 to 2025-12,2026-01-15,HKD,union_hospital_general_surgery_charges_tc.pdf,https://www.union.org/appassets/Charges/union_hospital_general_surgery_charges_tc.pdf
泌尿科,睾丸固定術,1.5,46390,69640,69660,92970,14440,16780,16400,17590,19600,39300,38900,57400,6000,11000,10250,13000,3290,3590,4110,5980,標準房,2025-07 to 2025-12,2026-01-15,HKD,union_hospital_general_surgery_charges_tc.pdf,https://www.union.org/appassets/Charges/union_hospital_general_surgery_charges_tc.pdf
泌尿科,經尿道內視鏡前列腺刮除術(電刮),4.7,69430,117140,118140,186140,17010,32960,28690,43280,29230,40610,48050,78220,8000,12000,12630,20000,14790,23960,28770,79590,標準房,2025-07 to 2025-12,2026-01-15,HKD,union_hospital_general_surgery_charges_tc.pdf,https://www.union.org/appassets/Charges/union_hospital_general_surgery_charges_tc.pdf
泌尿科,等離子前列腺氣化術,4.5,94750,103370,105210,119700,36880,39870,42430,51220,26590,29620,29840,33220,7980,8400,8430,9000,20480,23990,24510,29150,標準房,2025-07 to 2025-12,2026-01-15,HKD,union_hospital_general_surgery_charges_tc.pdf,https://www.union.org/appassets/Charges/union_hospital_general_surgery_charges_tc.pdf
