醫院名稱,科室/部門,日常診金(HKD)-時段,日常診金(HKD) - 价格,夜診/急診(HKD) - 時段,夜診/急診(HKD) - 价格,節日附加費(HKD) - 時段,節日附加費(HKD) - 价格,備註,鏈接
香港中文大學醫院,普通門診,"星期一至五 8:00-17:59:


星期校 8:00-12:59:",$400,"星期一至五 18:00-07:59:


星期六 13:00-07:59:",$600-$800,星期日、公眾假期及惡劣天氣 8:00-21:59:,$600-$800,診金不包括小手術費、藥費及化驗費等。,普通門診
香港中文大學醫院,專科門診,"星期一至五 09:00-17:00/18:00


星期六 09:00-13:00


(星期日及公眾假期部分中心休息)","【基础专科/眼科/肿瘤科/中西医】


诊金范围：$370 - $4,000",详情查看,非办公时间、星期日及公众假期收费将有所调整。,详情查看,非办公时间、星期日及公众假期收费将有所调整。,诊金普遍不包括药费、医生费、小手术及化验费。,"專科門診

眼科中心

腫瘤中心

中西醫結合

專職醫療"
深圳新風和睦家醫院,普通門診,"星期一至五 08:30-17:30


星期六至日 08:30-17:30",$625-$1000,"星期一至星期日 17:30-08:30

(24小時全天候急診)","$1,250-$1,500",國家法定公眾假期,"$1,250-$1,500",診金不包括小手術費、藥費及化驗費等。支持香港[長者醫療券]。,詳情查看
深圳新風和睦家醫院,專科門診,"星期一至五 08:30-17:30


星期六至日 08:30-17:30

(各專科開診時間依排班為準)","【臨床專科/內/外/婦/兒/骨/眼/耳鼻喉/中醫】

診金範圍：$1000-$1,875",詳情查看,非辦公時間、星期日及公眾假期收費將有所調整。,詳情查看,非辦公時間、星期日及公眾假期收費將有所調整。,專科診金因醫生級別（主治、副主任、主任、特聘專家）而異。部分指定專科套餐不適用於非常規時段。,"服務收費

長者醫療券"