section,subsection,name,price_raw,price_value,label
房間收費及按金,內外科部病房,標準房,"$1,100",1100,
房間收費及按金,內外科部病房,標準房,$550,550,
房間收費及按金,內外科部病房,雙人房,"$2,300",2300,
房間收費及按金,內外科部病房,雙人房,"$1,150",1150,
房間收費及按金,內外科部病房,私家房（露台房視乎供應）,"$4,500",4500,
房間收費及按金,內外科部病房,私家房（露台房視乎供應）,"$2,250",2250,
房間收費及按金,內外科部病房,貴賓房,"$6,500",6500,
房間收費及按金,內外科部病房,隔離病房,"$5,400",5400,
房間收費及按金,內外科部病房,加護病房 (HDU),"$9,000",9000,
房間收費及按金,內外科部病房,加護病房隔離,"$4,000",4000,
房間收費及按金,內外科部病房,嬰兒加護治療部 (SCBU),"$9,000",9000,
房間收費及按金,內外科部病房,嬰兒特別治療部 - 四小時內,"$4,500",4500,
房間收費及按金,內外科部病房,嬰兒特別治療部 - 雙胞胎之每一名嬰兒,"$7,500",7500,
房間收費及按金,內外科部病房,"嬰兒特別治療部 - 雙胞胎之每一名嬰兒, 及四小時以內","$3,750",3750,
房間收費及按金,內外科部病房,急症室,$550,550,
房間收費及按金,日間醫療部,標準房,$550,550,
房間收費及按金,日間醫療部,雙人房,"$1,150",1150,
房間收費及按金,日間醫療部,私家房,"$2,250",2250,
手術室,手術室收費,手術室收費（每小時）,"$6,000",6000,
手術室,手術室收費,手術室收費（每小時）,"$7,200",7200,
手術室,手術室收費,手術室收費（每小時）,"$8,200",8200,
護理程序及輸血,一般護理程序,傷口處理（簡單）,$440,440,
護理程序及輸血,一般護理程序,傷口處理（簡單）,$570,570,
護理程序及輸血,一般護理程序,傷口處理（簡單）,$750,750,
護理程序及輸血,一般護理程序,傷口處理（複雜）,$550,550,
護理程序及輸血,一般護理程序,傷口處理（複雜）,$715,715,
護理程序及輸血,一般護理程序,傷口處理（複雜）,$935,935,
護理程序及輸血,一般護理程序,注射程序（每針）,$150,150,
護理程序及輸血,一般護理程序,注射程序（每針）,$150,150,
護理程序及輸血,一般護理程序,注射程序（每針）,$150,150,
護理程序及輸血,一般護理程序,插入或移除鼻胃管,$400,400,
護理程序及輸血,一般護理程序,插入或移除鼻胃管,$520,520,
護理程序及輸血,一般護理程序,插入或移除鼻胃管,$680,680,
護理程序及輸血,一般護理程序,插入或移除尿喉,$830,830,
護理程序及輸血,一般護理程序,插入或移除尿喉,$950,950,
護理程序及輸血,一般護理程序,插入或移除尿喉,"$1,160",1160,
護理程序及輸血,一般護理程序,餵食喉餵食,$840,840,
護理程序及輸血,一般護理程序,餵食喉餵食,"$1,090",1090,
護理程序及輸血,一般護理程序,餵食喉餵食,"$1,430",1430,
護理程序及輸血,一般護理程序,一般縫線,"$1,200",1200,
護理程序及輸血,一般護理程序,一般縫線,"$1,560",1560,
護理程序及輸血,一般護理程序,一般縫線,"$2,040",2040,
護理程序及輸血,一般護理程序,移除縫線,$450,450,
護理程序及輸血,一般護理程序,移除縫線,$585,585,
護理程序及輸血,一般護理程序,移除縫線,$765,765,
護理程序及輸血,一般護理程序,灌腸服務,$400,400,
護理程序及輸血,一般護理程序,灌腸服務,$440,440,
護理程序及輸血,一般護理程序,灌腸服務,$480,480,
護理程序及輸血,一般護理程序,移除引流,$450,450,
護理程序及輸血,一般護理程序,移除引流,$585,585,
護理程序及輸血,一般護理程序,移除引流,$765,765,
護理程序及輸血,一般護理程序,抽吸分泌物（每次）,$430,430,
護理程序及輸血,一般護理程序,抽吸分泌物（每次）,$560,560,
護理程序及輸血,一般護理程序,抽吸分泌物（每次）,$730,730,
護理程序及輸血,輸血,輸血（設置及首單位）,"$1,270",1270,
護理程序及輸血,輸血,輸血（設置及首單位）,"$1,460",1460,
護理程序及輸血,輸血,輸血（設置及首單位）,"$2,140",2140,
24小時門診服務,普通科門診診症,普通科 — 早上8時至晚上8時（星期日及公眾假期除外）,$590,590,
24小時門診服務,普通科門診診症,普通科 — 星期日及公眾假期早上8時至晚上8時,$800,800,
24小時門診服務,普通科門診診症,夜間普通科 — 任何日子晚上8時至凌晨0時,$900,900,
24小時門診服務,普通科門診診症,夜間普通科 — 任何日子凌晨0時至上午8時,"$1,000",1000,
24小時門診服務,駐院兒科門診診症,兒科 — 星期一至五早上8時至晚上6時（公眾假期除外）,"$1,600",1600,
24小時門診服務,駐院兒科門診診症,兒科 — 星期一至五晚上6時至凌晨0時（公眾假期除外）,"$2,000",2000,
24小時門診服務,駐院兒科門診診症,兒科 — 星期六、日及公眾假期早上8時至凌晨0時,"$2,000",2000,
24小時門診服務,駐院兒科門診診症,兒科 — 任何日子凌晨0時至早上8時,"$3,000",3000,
24小時門診服務,專科門診診症,專科診症,"$2,500 - $3,000","$2,500 - $3,000",
24小時門診服務,專科門診診症,專科診症（複診跟進）,"$1,800 - $2,200","$1,800 - $2,200",
24小時門診服務,專科門診診症,臨床心理諮詢,"$2,000+","$2,000+",
24小時門診服務,專科門診診症,聽力測試,$280,280,
24小時門診服務,門診護理程序,一般縫線,"$1,200",1200,hospital
24小時門診服務,門診護理程序,一般縫線,"$4,500",4500,doctor
24小時門診服務,門診護理程序,移除縫線,$450,450,hospital
24小時門診服務,門診護理程序,移除縫線,"$1,200",1200,doctor
24小時門診服務,門診護理程序,上石膏,"$1,500",1500,hospital
24小時門診服務,門診護理程序,上石膏,"$2,000",2000,doctor
24小時門診服務,門診護理程序,移除石膏,$800,800,hospital
24小時門診服務,門診護理程序,移除石膏,"$2,000",2000,doctor
24小時門診服務,門診護理程序,切開引流,"$1,200",1200,hospital
24小時門診服務,門診護理程序,切開引流,"$1,200",1200,doctor
24小時門診服務,門診護理程序,冲洗耳道,$510,510,hospital
24小時門診服務,門診護理程序,冲洗耳道,"$1,000",1000,doctor
24小時門診服務,門診護理程序,液態氮冷凍療法,"$1,300",1300,hospital
24小時門診服務,門診護理程序,液態氮冷凍療法,"$1,200",1200,doctor
24小時門診服務,門診護理程序,基本護理（每15分鐘）,$300,300,hospital
24小時門診服務,門診護理程序,採集拭子樣本（鼻腔/眼/咽喉/傷口）,$230,230,hospital
24小時門診服務,門診護理程序,傷口處理（簡單）,$440,440,hospital
24小時門診服務,門診護理程序,傷口處理（複雜）,$550,550,hospital
24小時門診服務,門診護理程序,關節穿刺 /注射,"$1,240",1240,hospital
24小時門診服務,門診護理程序,注射程序（每針）,$150,150,hospital
24小時門診服務,其他醫院門診服務,小手術（每30分鐘）,"$1,650",1650,hospital
24小時門診服務,其他醫院門診服務,小手術（每30分鐘）,"$4,500",4500,doctor
24小時門診服務,其他醫院門診服務,包皮環切術（僅限少於28日大的初生嬰兒),"$4,200",4200,hospital
24小時門診服務,其他醫院門診服務,包皮環切術（僅限少於28日大的初生嬰兒),"$9,000 - $15,000","$9,000 - $15,000",doctor
24小時門診服務,其他醫院門診服務,尿流測試＋膀胱掃描,$700,700,hospital
24小時門診服務,其他醫院門診服務,跑步心電圖,"$2,800",2800,hospital
24小時門診服務,其他醫院門診服務,心電圖（ECG）— 12導聯,$600,600,hospital
24小時門診服務,其他醫院門診服務,24 小時血壓監測,"$2,000",2000,hospital
24小時門診服務,其他醫院門診服務,急救（每30分鐘）,"$8,250",8250,hospital
24小時門診服務,其他醫院門診服務,急救（每30分鐘）,"$4,500",4500,doctor
放射及影像服務,MRI 組合,全面心臟評估,"$17,580",17580,
放射及影像服務,MRI 組合,全面心臟評估,"$22,040",22040,
放射及影像服務,MRI 組合,全面心臟評估,"$26,370",26370,
放射及影像服務,MRI 組合,高血壓評估,"$12,250",12250,
放射及影像服務,MRI 組合,高血壓評估,"$15,390",15390,
放射及影像服務,MRI 組合,高血壓評估,"$18,380",18380,
放射及影像服務,MRI 組合,中風評估,"$16,250",16250,
放射及影像服務,MRI 組合,中風評估,"$20,310",20310,
放射及影像服務,MRI 組合,中風評估,"$24,370",24370,
放射及影像服務,電腦掃描組合,高血壓評估,"$8,930",8930,
放射及影像服務,電腦掃描組合,高血壓評估,"$11,130",11130,
放射及影像服務,電腦掃描組合,高血壓評估,"$13,450",13450,
放射及影像服務,電腦掃描組合,中風評估,"$13,590",13590,
放射及影像服務,電腦掃描組合,中風評估,"$16,980",16980,
放射及影像服務,電腦掃描組合,中風評估,"$20,370",20370,
放射及影像服務,超聲波,乳房,"$2,780",2780,
放射及影像服務,超聲波,乳房,"$3,010",3010,
放射及影像服務,超聲波,乳房,"$3,600",3600,
放射及影像服務,超聲波,頸動脈,"$4,860",4860,
放射及影像服務,超聲波,頸動脈,"$5,210",5210,
放射及影像服務,超聲波,頸動脈,"$6,250",6250,
放射及影像服務,超聲波,髖關節,"$3,040",3040,
放射及影像服務,超聲波,髖關節,"$3,290",3290,
放射及影像服務,超聲波,髖關節,"$3,920",3920,
放射及影像服務,超聲波,上腹,"$2,780",2780,
放射及影像服務,超聲波,上腹,"$3,010",3010,
放射及影像服務,超聲波,上腹,"$3,600",3600,
放射及影像服務,超聲波,盆腔,"$2,730",2730,
放射及影像服務,超聲波,盆腔,"$2,960",2960,
放射及影像服務,超聲波,盆腔,"$3,530",3530,
放射及影像服務,超聲波,前列腺,"$2,660",2660,
放射及影像服務,超聲波,前列腺,"$2,880",2880,
放射及影像服務,超聲波,前列腺,"$3,430",3430,
放射及影像服務,超聲波,腎部血管,"$4,950",4950,
放射及影像服務,超聲波,腎部血管,"$5,300",5300,
放射及影像服務,超聲波,腎部血管,"$6,370",6370,
放射及影像服務,超聲波,泌尿系統,"$2,700",2700,
放射及影像服務,超聲波,泌尿系統,"$2,890",2890,
放射及影像服務,超聲波,泌尿系統,"$3,470",3470,
放射及影像服務,超聲波,陰囊,"$2,780",2780,
放射及影像服務,超聲波,陰囊,"$3,010",3010,
放射及影像服務,超聲波,陰囊,"$3,600",3600,
放射及影像服務,超聲波,甲狀腺,"$2,780",2780,
放射及影像服務,超聲波,甲狀腺,"$3,010",3010,
放射及影像服務,超聲波,甲狀腺,"$3,600",3600,
放射及影像服務,超聲波,下腹 (闌尾),"$4,730",4730,
放射及影像服務,超聲波,下腹 (闌尾),"$5,060",5060,
放射及影像服務,超聲波,下腹 (闌尾),"$6,080",6080,
放射及影像服務,特殊X光檢查,子宮輸卵管造影,"$3,700",3700,
放射及影像服務,特殊X光檢查,子宮輸卵管造影,"$3,960",3960,
放射及影像服務,特殊X光檢查,子宮輸卵管造影,"$4,760",4760,
放射及影像服務,特殊X光檢查,骨質密度檢查,"$1,210",1210,
放射及影像服務,特殊X光檢查,骨質密度檢查,"$1,530",1530,
放射及影像服務,特殊X光檢查,骨質密度檢查,"$1,820",1820,
放射及影像服務,特殊X光檢查,乳房X光像檢查,"$1,910",1910,
放射及影像服務,特殊X光檢查,乳房X光像檢查,"$2,400",2400,
放射及影像服務,特殊X光檢查,乳房X光像檢查,"$2,870",2870,
放射及影像服務,特殊X光檢查,鋇餐上消化道檢查,"$2,870",2870,
放射及影像服務,特殊X光檢查,鋇餐上消化道檢查,"$3,090",3090,
放射及影像服務,特殊X光檢查,鋇餐上消化道檢查,"$3,700",3700,
放射及影像服務,特殊X光檢查,食道及上消化道檢查,"$3,390",3390,
放射及影像服務,特殊X光檢查,食道及上消化道檢查,"$3,660",3660,
放射及影像服務,特殊X光檢查,食道及上消化道檢查,"$4,380",4380,
放射及影像服務,特殊X光檢查,小腸灌注法,"$4,320",4320,
放射及影像服務,特殊X光檢查,小腸灌注法,"$4,660",4660,
放射及影像服務,特殊X光檢查,小腸灌注法,"$5,590",5590,
放射及影像服務,X光檢查,胸部 (一張),$560,560,
放射及影像服務,X光檢查,胸部 (一張),$600,600,
放射及影像服務,X光檢查,胸部 (一張),$720,720,
放射及影像服務,X光檢查,腹部 (一張),$560,560,
放射及影像服務,X光檢查,腹部 (一張),$600,600,
放射及影像服務,X光檢查,腹部 (一張),$720,720,
放射及影像服務,X光檢查,頭顱骨 (兩張),"$1,000",1000,
放射及影像服務,X光檢查,頭顱骨 (兩張),"$1,070",1070,
放射及影像服務,X光檢查,頭顱骨 (兩張),"$1,270",1270,
放射及影像服務,X光檢查,前臂 (兩張),"$1,000",1000,
放射及影像服務,X光檢查,前臂 (兩張),"$1,070",1070,
放射及影像服務,X光檢查,前臂 (兩張),"$1,270",1270,
放射及影像服務,X光檢查,膝關節 (兩張),"$1,000",1000,
放射及影像服務,X光檢查,膝關節 (兩張),"$1,070",1070,
放射及影像服務,X光檢查,膝關節 (兩張),"$1,270",1270,
病理學及化驗服務,臨床化學,鈉,$200,200,
病理學及化驗服務,臨床化學,鈉,$320,320,
病理學及化驗服務,臨床化學,鈉,$400,400,
病理學及化驗服務,臨床化學,新生兒膽紅素,$200,200,
病理學及化驗服務,臨床化學,新生兒膽紅素,$320,320,
病理學及化驗服務,臨床化學,新生兒膽紅素,$400,400,
病理學及化驗服務,臨床化學,心臟功能檢查（AST、LDH、CPK、CK-MB）,"$1,070",1070,
病理學及化驗服務,臨床化學,心臟功能檢查（AST、LDH、CPK、CK-MB）,"$1,380",1380,
病理學及化驗服務,臨床化學,心臟功能檢查（AST、LDH、CPK、CK-MB）,"$1,700",1700,
病理學及化驗服務,臨床化學,糖尿病指標（血糖、糖化血紅素）,$740,740,
病理學及化驗服務,臨床化學,糖尿病指標（血糖、糖化血紅素）,$950,950,
病理學及化驗服務,臨床化學,糖尿病指標（血糖、糖化血紅素）,"$1,160",1160,
病理學及化驗服務,臨床化學,鐵質分析組合,$840,840,
病理學及化驗服務,臨床化學,鐵質分析組合,"$1,080",1080,
病理學及化驗服務,臨床化學,鐵質分析組合,"$1,310",1310,
病理學及化驗服務,臨床化學,血脂分析,$800,800,
病理學及化驗服務,臨床化學,血脂分析,"$1,040",1040,
病理學及化驗服務,臨床化學,血脂分析,"$1,290",1290,
病理學及化驗服務,臨床化學,腎功能檢查,$790,790,
病理學及化驗服務,臨床化學,腎功能檢查,"$1,030",1030,
病理學及化驗服務,臨床化學,腎功能檢查,"$1,260",1260,
病理學及化驗服務,臨床微生物學,精液分析,$550,550,
病理學及化驗服務,臨床微生物學,精液分析,$710,710,
病理學及化驗服務,臨床微生物學,精液分析,$880,880,
病理學及化驗服務,臨床微生物學,尿液常規檢查,$210,210,
病理學及化驗服務,臨床微生物學,尿液常規檢查,$340,340,
病理學及化驗服務,臨床微生物學,尿液常規檢查,$440,440,
病理學及化驗服務,血液學及血庫,血型鑑定—ABO 及 Rh(D),$280,280,
病理學及化驗服務,血液學及血庫,血型鑑定—ABO 及 Rh(D),$400,400,
病理學及化驗服務,血液學及血庫,血型鑑定—ABO 及 Rh(D),$460,460,
病理學及化驗服務,血液學及血庫,凝血功能檢查（APTT 和 PT/INR）,$840,840,
病理學及化驗服務,血液學及血庫,凝血功能檢查（APTT 和 PT/INR）,"$1,100",1100,
病理學及化驗服務,血液學及血庫,凝血功能檢查（APTT 和 PT/INR）,"$1,350",1350,
病理學及化驗服務,血液學及血庫,全面血球統計,$300,300,
病理學及化驗服務,血液學及血庫,全面血球統計,$450,450,
病理學及化驗服務,血液學及血庫,全面血球統計,$530,530,
病理學及化驗服務,免疫學,甲種胚胎蛋白（AFP）,$600,600,
病理學及化驗服務,免疫學,甲種胚胎蛋白（AFP）,$980,980,
病理學及化驗服務,免疫學,甲種胚胎蛋白（AFP）,"$1,250",1250,
病理學及化驗服務,免疫學,定量人絨毛膜促性腺激素（β-hCG）,$730,730,
病理學及化驗服務,免疫學,定量人絨毛膜促性腺激素（β-hCG）,"$1,160",1160,
病理學及化驗服務,免疫學,定量人絨毛膜促性腺激素（β-hCG）,"$1,490",1490,
病理學及化驗服務,免疫學,促卵泡激素 (FSH),$530,530,
病理學及化驗服務,免疫學,促卵泡激素 (FSH),$850,850,
病理學及化驗服務,免疫學,促卵泡激素 (FSH),"$1,080",1080,
病理學及化驗服務,免疫學,甲型肝炎抗體-IgG,$530,530,
病理學及化驗服務,免疫學,甲型肝炎抗體-IgG,$850,850,
病理學及化驗服務,免疫學,甲型肝炎抗體-IgG,"$1,080",1080,
病理學及化驗服務,免疫學,乙型肝炎表面抗體,$530,530,
病理學及化驗服務,免疫學,乙型肝炎表面抗體,$840,840,
病理學及化驗服務,免疫學,乙型肝炎表面抗體,"$1,070",1070,
病理學及化驗服務,免疫學,乙型肝炎表面抗原,$340,340,
病理學及化驗服務,免疫學,乙型肝炎表面抗原,$550,550,
病理學及化驗服務,免疫學,乙型肝炎表面抗原,$710,710,
病理學及化驗服務,免疫學,丙型肝炎抗體,$670,670,
病理學及化驗服務,免疫學,丙型肝炎抗體,"$1,070",1070,
病理學及化驗服務,免疫學,丙型肝炎抗體,"$1,370",1370,
病理學及化驗服務,免疫學,HIV人類免疫缺乏病毒（1+2抗體，p24抗原）,$630,630,
病理學及化驗服務,免疫學,HIV人類免疫缺乏病毒（1+2抗體，p24抗原）,"$1,020",1020,
病理學及化驗服務,免疫學,HIV人類免疫缺乏病毒（1+2抗體，p24抗原）,"$1,290",1290,
病理學及化驗服務,免疫學,黃體生成素（LH）,$600,600,
病理學及化驗服務,免疫學,黃體生成素（LH）,$980,980,
病理學及化驗服務,免疫學,黃體生成素（LH）,"$1,250",1250,
病理學及化驗服務,分子診斷,胃腸道病原體檢測,"$2,840",2840,
病理學及化驗服務,分子診斷,胃腸道病原體檢測,"$3,680",3680,
病理學及化驗服務,分子診斷,胃腸道病原體檢測,"$4,520",4520,
病理學及化驗服務,分子診斷,乙型鏈球菌（GBS）DNA篩查,"$1,260",1260,
病理學及化驗服務,分子診斷,乙型鏈球菌（GBS）DNA篩查,"$1,640",1640,
病理學及化驗服務,分子診斷,乙型鏈球菌（GBS）DNA篩查,"$2,020",2020,
專職醫療服務,物理治療（住院）,一般物理治療,"$1,400",1400,
專職醫療服務,物理治療（住院）,一般物理治療,"$1,820",1820,
專職醫療服務,物理治療（住院）,一般物理治療,"$2,230",2230,
專職醫療服務,物理治療（住院）,後續延伸治療,"$1,710",1710,
專職醫療服務,物理治療（住院）,後續延伸治療,"$2,220",2220,
專職醫療服務,物理治療（住院）,後續延伸治療,"$2,740",2740,
專職醫療服務,物理治療（住院）,產後物理治療（每次）,"$1,230",1230,
專職醫療服務,物理治療（住院）,產後物理治療（每次）,"$1,600",1600,
專職醫療服務,物理治療（住院）,產後物理治療（每次）,"$1,960",1960,
專職醫療服務,物理治療（住院）,衝擊波治療（於治療期間使用）,$250,250,
專職醫療服務,物理治療（住院）,衝擊波治療（於治療期間使用）,$250,250,
專職醫療服務,物理治療（住院）,衝擊波治療（於治療期間使用）,$250,250,
專職醫療服務,物理治療（門診）,首次評估及治療,"$1,370",1370,
專職醫療服務,物理治療（門診）,簡短物理治療,$870,870,
專職醫療服務,物理治療（門診）,一般物理治療,"$1,260",1260,
專職醫療服務,物理治療（門診）,衝擊波治療（於治療期間使用）,$250,250,
專職醫療服務,物理治療（門診）,普拉提首次治療,"$1,220",1220,
專職醫療服務,物理治療（門診）,普拉提後續延伸治療,"$1,140",1140,
專職醫療服務,營養師指導 (住院),營養師首次諮詢,$650,650,
專職醫療服務,營養師指導 (住院),營養師首次諮詢,$850,850,
專職醫療服務,營養師指導 (住院),營養師首次諮詢,"$1,040",1040,
專職醫療服務,營養師指導 (住院),營養師跟進指導,$450,450,
專職醫療服務,營養師指導 (住院),營養師跟進指導,$590,590,
專職醫療服務,營養師指導 (住院),營養師跟進指導,$720,720,
專職醫療服務,營養師指導 (門診),營養師首次諮詢,$850,850,
專職醫療服務,營養師指導 (門診),營養師跟進指導,$500,500,
醫療紀錄及其他,醫療記錄及其他,醫療紀錄副本 (住院 / 檢驗報告),$300,300,
醫療紀錄及其他,醫療記錄及其他,醫療紀錄副本 - 額外紀錄*,$200,200,
醫療紀錄及其他,醫療記錄及其他,醫療紀錄副本 - 印刷硬複本 (每頁),$5,5,
醫療紀錄及其他,醫療記錄及其他,數碼影像副本 (安全下載),$300,300,
醫療紀錄及其他,醫療記錄及其他,數碼影像副本 (安全下載及 USB 隨身碟),$350,350,
醫療紀錄及其他,醫療記錄及其他,疫苗接種紀錄,$500,500,
醫療紀錄及其他,醫療記錄及其他,賬單核證副本 (住院)*,$200,200,
醫療紀錄及其他,醫療記錄及其他,賬單核證副本 (門診)*,$100,100,
醫療紀錄及其他,醫療記錄及其他,* 紀錄超過3年之附加費 (按年計算),$150,150,
明德醫療中心（中環）,醫生診症,普通科,$590,590,
明德醫療中心（中環）,醫生診症,心臟科,"$1,500-$2,000","$1,500-$2,000",
明德醫療中心（中環）,醫生診症,皮膚科,"$1,500-$2,000","$1,500-$2,000",
明德醫療中心（中環）,醫生診症,內分泌科,"$1,200-$3,000","$1,200-$3,000",
明德醫療中心（中環）,醫生診症,腸胃肝臟科,"$1,500-$2,000","$1,500-$2,000",
明德醫療中心（中環）,醫生診症,外科,"$1,500-$2,000","$1,500-$2,000",
明德醫療中心（中環）,醫生診症,老人科,"$800-$1,200","$800-$1,200",
明德醫療中心（中環）,醫生診症,婦科,"$1,500-$2,000","$1,500-$2,000",
明德醫療中心（中環）,醫生診症,血液科,"$1,500-$,2000","$1,500-$,2000",
明德醫療中心（中環）,醫生診症,腦神經科,"$1,500-$2,000","$1,500-$2,000",
明德醫療中心（中環）,醫生診症,腎科,"$1,500-$2,000","$1,500-$2,000",
明德醫療中心（中環）,醫生診症,眼科,"$1,200-$1,800","$1,200-$1,800",
明德醫療中心（中環）,醫生診症,骨科,"$1,500-$2,000","$1,500-$2,000",
明德醫療中心（中環）,醫生診症,耳鼻喉科,"$1,500-$2,500","$1,500-$2,500",
明德醫療中心（中環）,醫生診症,兒科,"$1,800",1800,
明德醫療中心（中環）,醫生診症,整形外科,"$1,500-$2,000","$1,500-$2,000",
明德醫療中心（中環）,醫生診症,精神科,"$3,200",3200,
明德醫療中心（中環）,醫生診症,呼吸系統科,"$1,500-$2,000","$1,500-$2,000",
明德醫療中心（中環）,醫生診症,風濕病科,"$1,500-$2,500","$1,500-$2,500",
明德醫療中心（中環）,醫生診症,泌尿外科,"$1,500-$2,000","$1,500-$2,000",
明德醫療中心（中環）,護理程序,傷口處理（簡單）,$440,440,
明德醫療中心（中環）,護理程序,傷口處理（複雜）,$550,550,
明德醫療中心（中環）,護理程序,注射程序（每針）,$150,150,
明德醫療中心（中環）,護理程序,24小時血壓監測,"$2,000",2000,
明德醫療中心（中環）,護理程序,24小時動態心電圖,"$3,200",3200,
明德醫療中心（中環）,治療程序,上石膏,"$1,500",1500,
明德醫療中心（中環）,治療程序,拆除石膏,$800,800,
明德醫療中心（中環）,治療程序,二氧化碳激光治療,"$3,400-$4,100","$3,400-$4,100",
明德醫療中心（中環）,治療程序,冷凍治療,"$1,760",1760,
明德醫療中心（中環）,治療程序,耳道顯微吸垢術,"$1,200",1200,
明德醫療中心（中環）,治療程序,置入子宮環,$990,990,
明德醫療中心（中環）,治療程序,移除子宮環,"$1,000",1000,
明德醫療中心（中環）,治療程序,腫塊/病灶切除術,"$4,800",4800,
明德醫療中心（中環）,治療程序,小手術,"$1,650",1650,
明德醫療中心（中環）,治療程序,鼻內視鏡檢查,"$1,500",1500,
明德醫療中心（中環）,治療程序,拆線,$510,510,
明德醫療中心（中環）,治療程序,急救處理 (每30分鐘計),"$8,250",8250,
明德醫療中心（中環）,診斷服務,2D 乳房 X 光造影,"$1,910",1910,
明德醫療中心（中環）,診斷服務,3D 乳房 X 光造影,"$3,800",3800,
明德醫療中心（中環）,診斷服務,心臟超聲波檢查,"$2,090",2090,
明德醫療中心（中環）,診斷服務,超聲波檢查 (單一部位),"$2,530-$2,730","$2,530-$2,730",
明德醫療中心（中環）,診斷服務,X 光檢查 (單一影像),$560,560,
明德醫療中心（中環）,診斷服務,心電圖,$600,600,
明德醫療中心（中環）,診斷服務,運動心電圖 (踏板測試),"$2,800",2800,
明德醫療中心（中環）,診斷服務,肝纖維化掃描,"$1,680",1680,
